position,species,base,other_bases
72,Gracilaria_coronopifolia,T,['G']
86,Gracilaria_salicornia,T,"['C', 'G']"
86,Gracilaria_coronopifolia,G,"['C', 'T']"
86,Gracilaria_parvispora,C,"['G', 'T']"
95,Gracilaria_coronopifolia,G,['A']
100,Gracilaria_salicornia,T,"['A', 'C']"
101,Gracilaria_parvispora,T,"['A', 'G', 'R']"
102,Gracilaria_salicornia,T,"['A', 'G']"
103,Gracilaria_coronopifolia,C,['T']
107,Gracilaria_parvispora,A,['T']
112,Gracilaria_parvispora,T,['A']
114,Gracilaria_parvispora,G,['A']
115,Gracilaria_parvispora,A,['T']
116,Gracilaria_parvispora,T,['G']
117,Gracilaria_parvispora,G,['A']
118,Gracilaria_parvispora,A,['G']
119,Gracilaria_parvispora,G,['T']
120,Gracilaria_parvispora,T,['A']
121,Gracilaria_parvispora,A,['G']
127,Gracilaria_parvispora,G,['C']
128,Gracilaria_parvispora,C,['G']
129,Gracilaria_parvispora,G,['T']
130,Gracilaria_parvispora,T,['G']
132,Gracilaria_parvispora,G,['T']
133,Gracilaria_parvispora,T,['G']
134,Gracilaria_parvispora,G,['A']
135,Gracilaria_parvispora,A,['T']
136,Gracilaria_parvispora,T,['C']
137,Gracilaria_parvispora,C,['G']
138,Gracilaria_parvispora,G,['T']
139,Gracilaria_parvispora,T,['A']
140,Gracilaria_parvispora,A,['T']
141,Gracilaria_parvispora,T,['C']
143,Gracilaria_parvispora,G,['A']
145,Gracilaria_parvispora,A,['G']
146,Gracilaria_parvispora,G,['C']
147,Gracilaria_salicornia,G,"['A', 'C']"
147,Gracilaria_coronopifolia,A,"['C', 'G']"
147,Gracilaria_parvispora,C,"['A', 'G']"
148,Gracilaria_parvispora,A,['C']
149,Gracilaria_parvispora,C,['T']
150,Gracilaria_parvispora,T,['G']
151,Gracilaria_parvispora,G,['C']
152,Gracilaria_parvispora,C,['G']
153,Gracilaria_parvispora,G,['T']
154,Gracilaria_parvispora,T,['G']
155,Gracilaria_parvispora,G,['C']
156,Gracilaria_parvispora,C,['G']
157,Gracilaria_parvispora,G,['A']
158,Gracilaria_coronopifolia,G,['A']
159,Gracilaria_parvispora,A,['C']
160,Gracilaria_parvispora,C,['G']
161,Gracilaria_parvispora,G,['C']
163,Gracilaria_salicornia,C,"['G', 'T']"
163,Gracilaria_coronopifolia,T,"['C', 'G']"
163,Gracilaria_parvispora,G,"['C', 'T']"
164,Gracilaria_parvispora,T,['G']
165,Gracilaria_parvispora,G,['T']
166,Gracilaria_parvispora,T,['G']
168,Gracilaria_parvispora,G,['A']
170,Gracilaria_parvispora,A,['C']
171,Gracilaria_parvispora,C,['G']
173,Gracilaria_parvispora,G,['T']
174,Gracilaria_parvispora,T,['C']
175,Gracilaria_parvispora,C,['A']
176,Gracilaria_parvispora,A,['C']
177,Gracilaria_parvispora,C,['T']
178,Gracilaria_parvispora,T,['A']
179,Gracilaria_parvispora,A,['G']
180,Gracilaria_parvispora,G,['T']
181,Gracilaria_parvispora,T,['G']
182,Gracilaria_parvispora,G,['C']
183,Gracilaria_parvispora,C,['A']
184,Gracilaria_parvispora,A,['G']
185,Gracilaria_parvispora,G,['A']
186,Gracilaria_parvispora,A,['T']
187,Gracilaria_parvispora,T,['C']
188,Gracilaria_parvispora,C,['T']
190,Gracilaria_parvispora,T,['G']
192,Gracilaria_parvispora,G,['T']
193,Gracilaria_parvispora,T,['G']
195,Gracilaria_parvispora,G,['T']
196,Gracilaria_parvispora,T,['A']
197,Gracilaria_parvispora,A,['G']
198,Gracilaria_parvispora,G,['T']
199,Gracilaria_parvispora,T,['A']
200,Gracilaria_parvispora,A,['G']
201,Gracilaria_parvispora,G,['C']
202,Gracilaria_parvispora,C,['A']
205,Gracilaria_parvispora,A,['T']
206,Gracilaria_parvispora,T,['A']
207,Gracilaria_parvispora,A,['T']
209,Gracilaria_parvispora,T,['C']
210,Gracilaria_parvispora,C,['A']
212,Gracilaria_parvispora,A,['G']
213,Gracilaria_parvispora,G,['T']
214,Gracilaria_parvispora,T,['G']
215,Gracilaria_parvispora,G,['A']
216,Gracilaria_parvispora,A,['G']
217,Gracilaria_parvispora,G,['A']
219,Gracilaria_parvispora,A,['C']
221,Gracilaria_parvispora,C,['T']
223,Gracilaria_parvispora,T,['G']
224,Gracilaria_parvispora,G,['A']
226,Gracilaria_parvispora,A,['G']
229,Gracilaria_parvispora,G,['C']
230,Gracilaria_parvispora,C,['G']
231,Gracilaria_parvispora,G,['A']
233,Gracilaria_parvispora,A,['G']
234,Gracilaria_parvispora,G,['C']
235,Gracilaria_parvispora,C,['G']
239,Gracilaria_parvispora,G,['A']
241,Gracilaria_parvispora,A,['G']
244,Gracilaria_parvispora,G,['T']
246,Gracilaria_parvispora,T,['C']
248,Gracilaria_parvispora,C,['A']
249,Gracilaria_parvispora,A,['T']
250,Gracilaria_parvispora,T,['G']
251,Gracilaria_parvispora,G,['C']
252,Gracilaria_parvispora,C,['G']
253,Gracilaria_parvispora,G,['A']
255,Gracilaria_parvispora,A,['C']
256,Gracilaria_parvispora,C,['A']
257,Gracilaria_parvispora,A,['T']
259,Gracilaria_parvispora,T,['G']
260,Gracilaria_parvispora,G,['A']
261,Gracilaria_parvispora,A,['T']
263,Gracilaria_parvispora,T,['G']
266,Gracilaria_parvispora,G,['C']
267,Gracilaria_parvispora,C,['A']
268,Gracilaria_parvispora,A,['T']
269,Gracilaria_parvispora,T,['G']
272,Gracilaria_parvispora,G,['T']
273,Gracilaria_parvispora,T,['G']
274,Gracilaria_parvispora,G,['A']
275,Gracilaria_parvispora,A,['G']
276,Gracilaria_parvispora,G,['T']
277,Gracilaria_parvispora,T,['C']
278,Gracilaria_parvispora,C,['G']
279,Gracilaria_parvispora,G,"['C', 'T']"
280,Gracilaria_parvispora,T,['A']
281,Gracilaria_parvispora,A,['C']
283,Gracilaria_parvispora,C,['T']
284,Gracilaria_parvispora,T,['A']
286,Gracilaria_parvispora,A,['G']
287,Gracilaria_parvispora,G,['C']
289,Gracilaria_parvispora,C,['G']
290,Gracilaria_parvispora,G,['A']
291,Gracilaria_parvispora,A,['G']
292,Gracilaria_parvispora,G,['T']
293,Gracilaria_parvispora,T,['G']
295,Gracilaria_parvispora,G,['C']
296,Gracilaria_parvispora,C,['A']
298,Gracilaria_parvispora,A,['T']
300,Gracilaria_parvispora,T,['G']
301,Gracilaria_parvispora,G,['C']
302,Gracilaria_parvispora,C,['T']
304,Gracilaria_parvispora,T,['A']
305,Gracilaria_parvispora,A,['C']
306,Gracilaria_parvispora,C,['T']
307,Gracilaria_parvispora,T,['C']
308,Gracilaria_parvispora,C,['A']
309,Gracilaria_parvispora,A,['C']
310,Gracilaria_parvispora,C,['G']
311,Gracilaria_parvispora,G,['C']
312,Gracilaria_parvispora,C,['G']
314,Gracilaria_parvispora,G,['C']
315,Gracilaria_parvispora,C,['G']
316,Gracilaria_parvispora,G,['A']
319,Gracilaria_parvispora,A,['G']
322,Gracilaria_parvispora,G,['A']
324,Gracilaria_parvispora,A,['G']
325,Gracilaria_parvispora,G,['C']
326,Gracilaria_parvispora,C,['G']
329,Gracilaria_parvispora,G,['T']
331,Gracilaria_parvispora,T,['G']
332,Gracilaria_parvispora,G,['A']
335,Gracilaria_parvispora,A,['T']
337,Gracilaria_parvispora,T,['C']
340,Gracilaria_parvispora,C,['G']
341,Gracilaria_parvispora,G,['C']
342,Gracilaria_parvispora,C,['A']
343,Gracilaria_parvispora,A,['C']
344,Gracilaria_parvispora,C,['A']
345,Gracilaria_parvispora,A,['C']
346,Gracilaria_parvispora,C,['G']
348,Gracilaria_parvispora,G,['A']
349,Gracilaria_parvispora,A,['T']
350,Gracilaria_parvispora,T,['G']
351,Gracilaria_parvispora,G,['T']
352,Gracilaria_parvispora,T,['G']
354,Gracilaria_parvispora,G,['A']
356,Gracilaria_parvispora,A,['G']
357,Gracilaria_parvispora,G,['C']
358,Gracilaria_parvispora,C,['G']
360,Gracilaria_parvispora,G,['C']
361,Gracilaria_parvispora,C,['G']
362,Gracilaria_parvispora,G,['A']
363,Gracilaria_parvispora,A,['C']
364,Gracilaria_parvispora,C,['G']
365,Gracilaria_parvispora,G,['C']
366,Gracilaria_parvispora,C,['A']
367,Gracilaria_parvispora,A,['T']
369,Gracilaria_parvispora,T,['A']
370,Gracilaria_parvispora,A,['C']
371,Gracilaria_parvispora,C,['T']
372,Gracilaria_parvispora,T,['G']
376,Gracilaria_parvispora,G,['C']
377,Gracilaria_parvispora,C,['G']
379,Gracilaria_parvispora,G,['T']
380,Gracilaria_parvispora,T,['G']
381,Gracilaria_parvispora,G,['A']
382,Gracilaria_parvispora,A,['C']
383,Gracilaria_parvispora,C,['G']
384,Gracilaria_parvispora,G,['T']
386,Gracilaria_parvispora,T,['G']
388,Gracilaria_parvispora,G,['C']
389,Gracilaria_parvispora,C,['A']
390,Gracilaria_parvispora,A,['G']
391,Gracilaria_parvispora,G,['T']
392,Gracilaria_parvispora,T,['G']
394,Gracilaria_parvispora,G,['C']
395,Gracilaria_parvispora,C,['G']
396,Gracilaria_parvispora,G,['C']
397,Gracilaria_parvispora,C,['T']
398,Gracilaria_parvispora,T,['G']
401,Gracilaria_parvispora,G,['C']
402,Gracilaria_parvispora,C,['A']
403,Gracilaria_parvispora,A,['G']
404,Gracilaria_parvispora,G,['A']
405,Gracilaria_parvispora,A,['G']
406,Gracilaria_parvispora,G,['T']
408,Gracilaria_salicornia,G,['T']
409,Gracilaria_parvispora,G,['T']
410,Gracilaria_parvispora,T,['C']
411,Gracilaria_parvispora,C,['T']
415,Gracilaria_parvispora,T,['C']
416,Gracilaria_parvispora,C,['T']
417,Gracilaria_parvispora,T,['G']
418,Gracilaria_parvispora,G,['T']
421,Gracilaria_parvispora,T,['A']
423,Gracilaria_parvispora,A,['C']
425,Gracilaria_parvispora,C,['G']
426,Gracilaria_parvispora,G,['C']
428,Gracilaria_parvispora,C,['T']
429,Gracilaria_parvispora,T,['G']
430,Gracilaria_parvispora,G,['A']
431,Gracilaria_parvispora,A,['C']
432,Gracilaria_parvispora,C,['G']
433,Gracilaria_parvispora,G,['C']
434,Gracilaria_parvispora,C,['T']
436,Gracilaria_parvispora,T,['G']
437,Gracilaria_parvispora,G,['C']
438,Gracilaria_parvispora,C,['A']
439,Gracilaria_parvispora,A,['C']
440,Gracilaria_parvispora,C,['T']
441,Gracilaria_parvispora,T,['G']
442,Gracilaria_parvispora,G,['T']
443,Gracilaria_parvispora,T,['G']
445,Gracilaria_parvispora,G,['A']
447,Gracilaria_parvispora,A,['T']
448,Gracilaria_parvispora,T,['C']
450,Gracilaria_parvispora,C,['G']
451,Gracilaria_parvispora,G,['C']
452,Gracilaria_parvispora,C,['T']
454,Gracilaria_parvispora,T,['G']
455,Gracilaria_parvispora,G,['T']
456,Gracilaria_parvispora,T,['C']
457,Gracilaria_parvispora,C,['G']
460,Gracilaria_parvispora,G,['A']
461,Gracilaria_parvispora,A,['G']
462,Gracilaria_parvispora,G,['A']
465,Gracilaria_parvispora,A,['C']
466,Gracilaria_parvispora,C,['A']
467,Gracilaria_parvispora,A,['G']
469,Gracilaria_parvispora,G,['C']
470,Gracilaria_parvispora,C,['A']
472,Gracilaria_parvispora,A,['G']
474,Gracilaria_parvispora,G,['C']
475,Gracilaria_parvispora,C,['A']
476,Gracilaria_parvispora,A,['C']
477,Gracilaria_parvispora,C,['G']
480,Gracilaria_parvispora,G,['T']
481,Gracilaria_parvispora,T,['A']
482,Gracilaria_parvispora,A,['G']
483,Gracilaria_parvispora,G,['A']
484,Gracilaria_parvispora,A,['G']
485,Gracilaria_parvispora,G,['C']
486,Gracilaria_parvispora,C,['G']
487,Gracilaria_parvispora,G,['C']
489,Gracilaria_parvispora,C,['G']
492,Gracilaria_parvispora,G,['C']
493,Gracilaria_parvispora,C,['T']
498,Gracilaria_parvispora,T,['C']
500,Gracilaria_parvispora,C,['G']
502,Gracilaria_parvispora,G,['C']
503,Gracilaria_parvispora,C,['G']
504,Gracilaria_parvispora,G,['T']
505,Gracilaria_parvispora,T,['C']
507,Gracilaria_parvispora,C,['A']
508,Gracilaria_parvispora,A,['G']
509,Gracilaria_parvispora,G,['C']
510,Gracilaria_parvispora,C,['T']
511,Gracilaria_parvispora,T,['C']
512,Gracilaria_parvispora,C,['G']
513,Gracilaria_parvispora,G,['C']
515,Gracilaria_parvispora,C,['A']
516,Gracilaria_parvispora,A,['C']
517,Gracilaria_parvispora,C,['T']
518,Gracilaria_parvispora,T,['G']
519,Gracilaria_parvispora,G,['A']
520,Gracilaria_parvispora,A,['C']
521,Gracilaria_parvispora,C,['G']
523,Gracilaria_parvispora,G,['C']
526,Gracilaria_parvispora,C,['T']
528,Gracilaria_parvispora,T,['G']
529,Gracilaria_parvispora,G,['A']
534,Gracilaria_parvispora,A,['C']
535,Gracilaria_parvispora,C,['T']
536,Gracilaria_parvispora,T,['G']
537,Gracilaria_parvispora,G,['T']
538,Gracilaria_parvispora,T,['C']
540,Gracilaria_parvispora,C,['T']
541,Gracilaria_parvispora,T,['C']
542,Gracilaria_parvispora,C,['A']
543,Gracilaria_parvispora,A,['G']
544,Gracilaria_parvispora,G,['A']
545,Gracilaria_parvispora,A,['T']
546,Gracilaria_parvispora,T,['A']
547,Gracilaria_parvispora,A,['T']
549,Gracilaria_salicornia,A,['T']
549,Gracilaria_parvispora,T,['A']
550,Gracilaria_salicornia,T,[]
556,Gracilaria_parvispora,A,['C']
557,Gracilaria_parvispora,C,['T']
558,Gracilaria_parvispora,T,['C']
560,Gracilaria_parvispora,C,['A']
561,Gracilaria_parvispora,A,['C']
562,Gracilaria_parvispora,C,['G']
563,Gracilaria_parvispora,G,['C']
565,Gracilaria_parvispora,C,['G']
566,Gracilaria_parvispora,G,['T']
567,Gracilaria_parvispora,T,['G']
569,Gracilaria_parvispora,G,['C']
570,Gracilaria_parvispora,C,['G']
571,Gracilaria_parvispora,G,['T']
572,Gracilaria_parvispora,T,['A']
573,Gracilaria_parvispora,A,['C']
575,Gracilaria_parvispora,C,['G']
576,Gracilaria_parvispora,G,['A']
577,Gracilaria_parvispora,A,['T']
578,Gracilaria_parvispora,T,['A']
580,Gracilaria_parvispora,A,['C']
582,Gracilaria_parvispora,C,['G']
583,Gracilaria_parvispora,G,['C']
584,Gracilaria_parvispora,C,['A']
585,Gracilaria_parvispora,A,['T']
586,Gracilaria_parvispora,T,['C']
587,Gracilaria_parvispora,C,['A']
588,Gracilaria_parvispora,A,['G']
590,Gracilaria_parvispora,G,['T']
591,Gracilaria_parvispora,T,['C']
595,Gracilaria_parvispora,C,['A']
597,Gracilaria_parvispora,A,['G']
599,Gracilaria_parvispora,G,['T']
600,Gracilaria_parvispora,T,['G']
601,Gracilaria_parvispora,G,['A']
603,Gracilaria_parvispora,A,['C']
604,Gracilaria_parvispora,C,['A']
605,Gracilaria_parvispora,A,['G']
606,Gracilaria_parvispora,G,['C']
608,Gracilaria_parvispora,C,['T']
609,Gracilaria_parvispora,T,['C']
610,Gracilaria_parvispora,C,['T']
611,Gracilaria_parvispora,T,['G']
612,Gracilaria_parvispora,G,['C']
613,Gracilaria_parvispora,C,['T']
614,Gracilaria_parvispora,T,['C']
615,Gracilaria_parvispora,C,['G']
616,Gracilaria_parvispora,G,['A']
617,Gracilaria_parvispora,A,['T']
618,Gracilaria_parvispora,T,['A']
619,Gracilaria_parvispora,A,['T']
620,Gracilaria_parvispora,T,['G']
621,Gracilaria_parvispora,G,['A']
626,Gracilaria_parvispora,A,['T']
627,Gracilaria_parvispora,T,['G']
628,Gracilaria_parvispora,G,['C']
629,Gracilaria_parvispora,C,['A']
630,Gracilaria_parvispora,A,['G']
632,Gracilaria_parvispora,G,['T']
633,Gracilaria_parvispora,T,['A']
635,Gracilaria_parvispora,A,['G']
638,Gracilaria_parvispora,G,['A']
640,Gracilaria_parvispora,A,['G']
641,Gracilaria_parvispora,G,['T']
642,Gracilaria_parvispora,T,['C']
643,Gracilaria_parvispora,C,['G']
645,Gracilaria_parvispora,G,['C']
646,Gracilaria_parvispora,C,['A']
