pdb_resnum,residue,conservation,entropy
5,N,1.0,0.0
6,F,1.0,0.0
7,N,1.0,0.0
8,V,1.0,0.0
9,Y,1.0,0.0
10,K,1.0,0.0
11,A,1.0,0.0
12,T,1.0,0.0
13,R,1.0,0.0
14,P,1.0,0.0
15,Y,1.0,0.0
16,L,1.0,0.0
17,A,1.0,0.0
18,H,1.0,0.0
19,C,1.0,0.0
20,P,1.0,0.0
21,D,1.0,0.0
22,C,1.0,0.0
23,G,1.0,0.0
24,E,1.0,0.0
25,G,1.0,0.0
26,H,1.0,0.0
27,S,1.0,0.0
28,C,1.0,0.0
29,H,1.0,0.0
30,S,1.0,0.0
31,P,1.0,0.0
32,I,1.0,0.0
33,A,1.0,0.0
34,L,1.0,0.0
35,E,1.0,0.0
36,R,1.0,0.0
37,I,1.0,0.0
38,R,1.0,0.0
39,N,1.0,0.0
40,E,1.0,0.0
41,A,1.0,0.0
42,T,1.0,0.0
43,D,1.0,0.0
44,G,1.0,0.0
45,T,1.0,0.0
46,L,1.0,0.0
47,K,1.0,0.0
48,I,1.0,0.0
49,Q,1.0,0.0
50,V,1.0,0.0
51,S,1.0,0.0
52,L,1.0,0.0
53,Q,1.0,0.0
54,I,1.0,0.0
55,G,1.0,0.0
56,I,1.0,0.0
57,K,1.0,0.0
58,T,1.0,0.0
59,D,1.0,0.0
60,D,1.0,0.0
61,S,1.0,0.0
62,H,1.0,0.0
63,D,1.0,0.0
64,W,1.0,0.0
65,T,1.0,0.0
66,K,1.0,0.0
67,L,1.0,0.0
68,R,1.0,0.0
69,Y,1.0,0.0
70,M,1.0,0.0
71,D,1.0,0.0
72,N,1.0,0.0
73,H,1.0,0.0
74,M,1.0,0.0
75,P,1.0,0.0
76,A,1.0,0.0
77,D,1.0,0.0
78,A,1.0,0.0
79,E,1.0,0.0
80,R,1.0,0.0
81,A,1.0,0.0
82,G,1.0,0.0
83,L,1.0,0.0
84,F,1.0,0.0
85,V,1.0,0.0
86,R,1.0,0.0
87,T,1.0,0.0
88,S,1.0,0.0
89,A,1.0,0.0
90,P,1.0,0.0
91,C,1.0,0.0
92,T,1.0,0.0
93,I,1.0,0.0
94,T,1.0,0.0
95,G,1.0,0.0
96,T,1.0,0.0
97,M,1.0,0.0
98,G,1.0,0.0
99,H,1.0,0.0
100,F,1.0,0.0
101,I,1.0,0.0
102,L,1.0,0.0
103,A,1.0,0.0
104,R,1.0,0.0
105,C,1.0,0.0
106,P,1.0,0.0
107,K,1.0,0.0
108,G,1.0,0.0
109,E,1.0,0.0
110,T,1.0,0.0
111,L,1.0,0.0
112,T,1.0,0.0
113,V,1.0,0.0
114,G,1.0,0.0
115,F,1.0,0.0
116,T,1.0,0.0
117,D,1.0,0.0
118,S,1.0,0.0
119,R,1.0,0.0
120,K,1.0,0.0
121,I,1.0,0.0
122,S,1.0,0.0
123,H,1.0,0.0
124,S,1.0,0.0
125,C,1.0,0.0
126,T,1.0,0.0
127,H,1.0,0.0
128,P,1.0,0.0
129,F,1.0,0.0
130,H,1.0,0.0
131,H,1.0,0.0
132,D,1.0,0.0
133,P,1.0,0.0
134,P,1.0,0.0
135,V,1.0,0.0
136,I,1.0,0.0
137,G,1.0,0.0
138,R,1.0,0.0
139,E,1.0,0.0
140,K,1.0,0.0
141,F,1.0,0.0
142,H,1.0,0.0
143,S,1.0,0.0
144,R,1.0,0.0
145,P,1.0,0.0
146,Q,1.0,0.0
147,H,1.0,0.0
148,G,1.0,0.0
149,K,1.0,0.0
150,E,1.0,0.0
151,L,1.0,0.0
152,P,1.0,0.0
153,C,1.0,0.0
154,S,1.0,0.0
155,T,1.0,0.0
156,Y,1.0,0.0
157,V,1.0,0.0
158,Q,1.0,0.0
159,S,1.0,0.0
160,T,1.0,0.0
161,T,1.0,0.0
162,A,1.0,0.0
163,T,1.0,0.0
164,T,1.0,0.0
165,E,1.0,0.0
166,E,1.0,0.0
167,I,1.0,0.0
168,E,1.0,0.0
169,V,1.0,0.0
170,H,1.0,0.0
171,M,1.0,0.0
172,P,1.0,0.0
173,P,1.0,0.0
174,D,1.0,0.0
175,T,1.0,0.0
176,P,1.0,0.0
177,D,1.0,0.0
178,R,1.0,0.0
179,T,1.0,0.0
180,L,1.0,0.0
181,M,1.0,0.0
182,S,1.0,0.0
183,Q,1.0,0.0
184,Q,1.0,0.0
185,S,1.0,0.0
186,G,1.0,0.0
187,N,1.0,0.0
188,V,1.0,0.0
189,K,1.0,0.0
190,I,1.0,0.0
191,T,1.0,0.0
192,V,1.0,0.0
193,N,1.0,0.0
194,G,1.0,0.0
195,Q,1.0,0.0
196,T,1.0,0.0
197,V,1.0,0.0
198,R,1.0,0.0
199,Y,1.0,0.0
200,K,1.0,0.0
201,C,1.0,0.0
202,N,1.0,0.0
203,C,1.0,0.0
204,G,1.0,0.0
205,G,1.0,0.0
206,S,1.0,0.0
207,N,1.0,0.0
208,E,1.0,0.0
209,G,1.0,0.0
210,L,1.0,0.0
211,T,1.0,0.0
212,T,1.0,0.0
213,T,1.0,0.0
214,D,1.0,0.0
215,K,1.0,0.0
216,V,1.0,0.0
217,I,1.0,0.0
218,N,1.0,0.0
219,N,1.0,0.0
220,C,1.0,0.0
221,K,1.0,0.0
222,V,1.0,0.0
223,D,1.0,0.0
224,Q,1.0,0.0
225,C,1.0,0.0
226,H,1.0,0.0
227,A,1.0,0.0
228,A,1.0,0.0
229,V,1.0,0.0
230,T,1.0,0.0
231,N,1.0,0.0
232,H,1.0,0.0
233,K,1.0,0.0
234,K,1.0,0.0
235,W,1.0,0.0
236,Q,1.0,0.0
237,Y,1.0,0.0
238,N,1.0,0.0
239,S,1.0,0.0
240,P,1.0,0.0
241,L,1.0,0.0
242,V,1.0,0.0
243,P,1.0,0.0
244,R,1.0,0.0
245,N,1.0,0.0
246,A,1.0,0.0
247,E,1.0,0.0
248,L,1.0,0.0
249,G,1.0,0.0
250,D,1.0,0.0
251,R,1.0,0.0
252,K,1.0,0.0
253,G,1.0,0.0
254,K,1.0,0.0
255,I,1.0,0.0
256,H,1.0,0.0
257,I,1.0,0.0
258,P,1.0,0.0
259,F,1.0,0.0
260,P,1.0,0.0
261,L,1.0,0.0
262,A,1.0,0.0
263,N,1.0,0.0
264,V,1.0,0.0
265,T,1.0,0.0
266,C,1.0,0.0
267,R,1.0,0.0
268,V,1.0,0.0
269,P,1.0,0.0
270,K,1.0,0.0
271,A,1.0,0.0
272,R,1.0,0.0
273,N,1.0,0.0
274,P,1.0,0.0
275,T,1.0,0.0
276,V,1.0,0.0
277,T,1.0,0.0
278,Y,1.0,0.0
279,G,1.0,0.0
280,K,1.0,0.0
281,N,1.0,0.0
282,Q,1.0,0.0
283,V,1.0,0.0
284,I,1.0,0.0
285,M,1.0,0.0
286,L,1.0,0.0
287,L,1.0,0.0
288,Y,1.0,0.0
289,P,1.0,0.0
290,D,1.0,0.0
291,H,1.0,0.0
292,P,1.0,0.0
293,T,1.0,0.0
294,L,1.0,0.0
295,L,1.0,0.0
296,S,1.0,0.0
297,Y,1.0,0.0
298,R,1.0,0.0
299,N,1.0,0.0
300,M,1.0,0.0
301,G,1.0,0.0
302,E,1.0,0.0
303,E,1.0,0.0
304,P,1.0,0.0
305,N,1.0,0.0
306,Y,1.0,0.0
307,Q,1.0,0.0
308,E,1.0,0.0
309,E,1.0,0.0
310,W,1.0,0.0
311,V,1.0,0.0
312,M,1.0,0.0
313,H,1.0,0.0
314,K,1.0,0.0
315,K,1.0,0.0
316,D,1.0,0.0
317,V,1.0,0.0
318,V,1.0,0.0
319,L,1.0,0.0
320,N,1.0,0.0
321,R,1.0,0.0
322,T,1.0,0.0
323,Q,1.0,0.0
324,L,1.0,0.0
325,W,1.0,0.0
326,V,1.0,0.0
327,R,1.0,0.0
328,G,1.0,0.0
329,L,1.0,0.0
330,L,1.0,0.0
331,G,1.0,0.0
332,S,1.0,0.0
333,T,1.0,0.0
334,A,1.0,0.0
335,V,1.0,0.0
336,S,1.0,0.0
337,L,1.0,0.0
338,C,1.0,0.0
339,P,1.0,0.0
340,T,1.0,0.0
341,G,1.0,0.0
342,M,1.0,0.0
343,V,1.0,0.0
344,I,1.0,0.0
345,V,1.0,0.0
346,V,1.0,0.0
347,S,1.0,0.0
348,V,1.0,0.0
349,A,1.0,0.0
350,S,1.0,0.0
351,F,1.0,0.0
352,V,1.0,0.0
353,L,1.0,0.0
354,L,1.0,0.0
355,S,1.0,0.0
356,M,1.0,0.0
357,V,1.0,0.0
358,G,1.0,0.0
359,T,1.0,0.0
360,A,1.0,0.0
361,V,1.0,0.0
362,G,1.0,0.0
363,M,1.0,0.0
364,C,1.0,0.0
365,V,1.0,0.0
366,C,1.0,0.0
367,A,1.0,0.0
368,R,1.0,0.0
369,R,1.0,0.0
370,R,1.0,0.0
371,C,1.0,0.0
372,I,1.0,0.0
373,T,1.0,0.0
374,P,1.0,0.0
375,Y,1.0,0.0
376,E,1.0,0.0
377,L,1.0,0.0
378,T,1.0,0.0
379,P,1.0,0.0
380,G,1.0,0.0
381,A,1.0,0.0
382,T,1.0,0.0
383,V,1.0,0.0
384,P,1.0,0.0
385,F,1.0,0.0
386,L,1.0,0.0
387,L,1.0,0.0
388,S,1.0,0.0
389,L,1.0,0.0
390,L,1.0,0.0
391,C,1.0,0.0
392,C,1.0,0.0
393,V,1.0,0.0
394,R,1.0,0.0
395,T,1.0,0.0
396,T,1.0,0.0
397,K,1.0,0.0
398,A,1.0,0.0
