pdb_resnum,residue,sasa,rel_sasa
5,N,149.95348266512826,0.9490726750957486
6,F,36.84498819879014,0.16901370733389973
7,N,90.28270012137445,0.5714094944390787
8,V,49.358693153904525,0.3084918322119033
9,Y,17.45570665936465,0.07622579327233472
10,K,97.34975049473651,0.46137322509353795
11,A,32.355752827775234,0.28633409582101976
12,T,6.038141080199582,0.0413571306862985
13,R,11.392043280447309,0.04726988913048676
14,P,3.350546264165357,0.0234303934557018
15,Y,19.985002904769797,0.08727075504266286
16,L,36.650058657820196,0.20361143698788997
17,A,8.453397512279414,0.0748088275422957
18,H,58.24017664753271,0.3002070961213026
19,C,0.0,0.0
20,P,6.038141080199582,0.04222476279859847
21,D,26.92264479354521,0.17829566088440538
22,C,27.15587663214771,0.19397054737248365
23,G,24.152564320798326,0.28414781553880386
24,E,81.2530968173148,0.44400599353723935
25,G,21.464969504764102,0.2525290529972247
26,H,110.09585790799287,0.5675044222061488
27,S,37.15471153532225,0.3045468158632971
28,C,53.57043792901317,0.3826459852072369
29,H,58.929492341212764,0.3037602698000658
30,S,6.038141080199582,0.04949295967376706
31,P,7.245769296239498,0.05066971535831817
32,I,6.038141080199582,0.033176599341755944
33,A,6.723221906982601,0.05949753899984602
34,L,25.732911089260142,0.14296061716255634
35,E,68.47299737154661,0.37416938454397053
36,R,94.00776192895955,0.3900737009500396
37,I,41.041464833602305,0.2255025540307819
38,R,25.76954205960099,0.10692756041328212
39,N,62.05703579245571,0.3927660493193399
40,E,42.34947321810972,0.23141788643775804
41,A,3.350546264165357,0.029650851895268646
42,T,32.45189812934569,0.22227327485853215
43,D,47.04381689029219,0.3115484562271006
44,G,22.15005033154712,0.26058882742996614
45,T,17.978254048621547,0.12313872636042156
46,L,2.4152564320798326,0.013418091289332404
47,K,10.298454877732702,0.04880784302242987
48,I,14.491538592478996,0.07962383842021427
49,Q,11.87456677929747,0.06282839565765858
50,V,15.699166808518912,0.0981197925532432
51,S,3.622884648119749,0.02969577580426024
52,L,10.868653944359247,0.06038141080199581
53,Q,2.4152564320798326,0.012779134561268956
54,I,22.808766912781213,0.1253228951251715
55,G,2.4152564320798326,0.028414781553880383
56,I,3.622884648119749,0.019905959605053567
57,K,60.562680698107954,0.28702692273984814
58,T,78.25229778008828,0.5359746423293719
59,D,110.56802671745679,0.7322385875328264
60,D,71.80564912395712,0.47553410015865644
61,S,25.224023344861045,0.2067542897119758
62,H,76.35967670185967,0.39360658093742096
63,D,49.44117881061718,0.32742502523587536
64,W,145.87533097602085,0.5632252161236326
65,T,52.31862635389314,0.3583467558485831
66,K,63.68259636238798,0.3018132529023127
67,L,1.2076282160399163,0.006709045644666202
68,R,7.8831984456528685,0.032710366994410246
69,Y,1.2076282160399163,0.005273485659562953
70,M,6.973430912285107,0.03418348486414268
71,D,40.07038597800709,0.2653667945563383
72,S,71.7273983341415,0.5879294945421434
73,H,58.62994776487829,0.3022162255921561
74,T,70.3972605709822,0.4821730176094671
75,P,55.92361649025804,0.3910742411906157
76,A,27.775448968918077,0.24580043335325732
77,D,42.94264361021932,0.2843883682795981
78,A,9.66102572831933,0.0854958029054808
79,E,72.65082551236706,0.39699904651566703
80,R,30.946409230633627,0.12840833705657106
81,A,85.43771079826702,0.7560859362678497
82,G,23.40193730489081,0.27531690946930365
83,L,68.39051171483395,0.37994728730463306
84,L,78.49583404259457,0.43608796690330315
85,V,15.448957803216407,0.09655598627010255
86,R,82.61400962210868,0.3427967204236875
87,T,16.071885360940808,0.11008140658178636
88,S,68.76323026725584,0.5636330349775068
89,A,19.32205145663866,0.1709916058109616
90,P,88.3934091313586,0.6181357281913189
91,C,13.072845615600304,0.09337746868285932
92,T,62.38815965814406,0.4273161620420826
93,I,93.36432605439249,0.5129908024966621
94,T,54.54403005873124,0.3735892469776112
95,G,1.2076282160399163,0.014207390776940191
96,T,34.75734961499726,0.23806403845888535
97,M,17.065131294299754,0.08365260438382233
98,G,2.142918048125441,0.025210800566181656
99,H,4.716473050834356,0.024311716756878123
100,F,3.2365064508400483,0.014846359866238754
101,I,26.56782075287816,0.14597703710372614
102,L,3.622884648119749,0.020127136933998604
103,A,8.453397512279414,0.0748088275422957
104,R,80.15449443272507,0.3325912632063281
105,C,17.504200283565467,0.12503000202546763
106,P,66.41955188219539,0.4644723907845832
107,K,114.04636040439956,0.5405040777459695
108,G,10.732484752382051,0.12626452649861236
109,E,88.00184102301516,0.48088437717494625
110,T,25.224023344861045,0.17276728318397977
111,L,4.830512864159665,0.026836182578664807
112,T,32.99657489725448,0.22600393765242796
113,V,10.868653944359247,0.0679290871522453
114,G,0.0,0.0
115,F,3.5088448347944396,0.016095618508231376
116,T,47.31615527424658,0.3240832553030588
117,D,13.928967312815367,0.09224481664116137
118,S,69.56235090736416,0.5701832041587227
119,R,110.99451676973752,0.4605581608702801
120,K,156.61034156889642,0.7422291069615944
121,I,100.23314193131306,0.5507315490731487
122,S,67.64835443272051,0.5544947084649222
123,H,49.00978787379685,0.2526277725453446
124,T,53.670893495704334,0.36760885955961875
125,C,3.7812209178606757,0.02700872084186197
126,T,15.817441488741261,0.10833864033384426
127,H,61.03926030365753,0.31463536238998724
128,P,44.51028577799001,0.31126073970622387
129,F,31.26216442506063,0.14340442396816802
130,H,49.15358485273696,0.253368994086273
131,H,8.111278072303486,0.04181071171290457
132,E,89.84182157474025,0.49093891570896314
133,P,64.12257013033792,0.4484095813310344
134,P,51.77394958598436,0.36205559151038014
135,V,84.752629971484,0.529703937321775
136,I,43.36057596411168,0.2382449228797345
137,G,39.930823865964015,0.4697743984231061
138,R,34.56505901185634,0.14342348137699726
139,E,9.116348960410548,0.04981611453776256
140,R,109.91456287913951,0.45607702439476977
141,F,57.24951938652031,0.26261247425009315
142,H,91.43327701482515,0.47130555162281007
143,S,17.97825404862155,0.14736273810345535
144,R,33.33530141716454,0.13832075276831757
145,P,26.43165156090096,0.18483672420210462
146,Q,33.040833654558256,0.1748192256854934
147,H,58.74059465813772,0.30278657040277174
148,G,14.06513650479256,0.1654721941740301
149,K,43.47461577743699,0.20604083306842175
150,E,93.75917398546628,0.5123452130353349
151,L,55.55089793783615,0.30861609965464526
152,P,61.20266082075603,0.42799063511018204
153,C,9.467855479235403,0.06762753913739573
154,S,13.67452344061582,0.11208625770996573
155,T,29.355795737379886,0.20106709409164306
156,Y,12.194556840621512,0.05325133991537778
157,V,50.72038507367648,0.317002406710478
158,Q,123.1490497199523,0.6515822736505413
159,S,46.969800967373615,0.3849983685850296
160,T,39.05684535610595,0.2675126394253832
161,A,72.03129087470855,0.6374450519885712
162,A,26.00524947321453,0.23013495109039406
163,T,109.44044628223034,0.7495920978234955
164,A,63.485982927755714,0.5618228577677497
165,E,33.027174009700445,0.1804763607087456
166,E,135.03199826844954,0.7378797719587407
167,I,28.983077184957992,0.15924767684042854
168,E,67.35388667011424,0.3680540255197499
169,V,13.28391037643908,0.08302443985274424
170,H,6.7896100429382615,0.03499798991205289
171,M,21.89564415845942,0.10733158901205597
172,P,9.524856536342135,0.06660738836602892
173,P,23.31765465718031,0.16306052207818397
174,D,46.07273803469698,0.3051174704284568
175,T,15.953610680718457,0.1092713060323182
176,P,0.0,0.0
177,D,24.25294448926583,0.160615526418979
178,R,76.94777028024106,0.3192853538599214
179,T,117.05046439709764,0.8017155095691619
180,L,26.567820752878163,0.14759900418265645
181,M,3.214377072188161,0.015756750353863536
182,T,52.59096473784754,0.3602120872455311
183,Q,69.55133020033539,0.3679964560864306
184,Q,72.96316265398698,0.3860484796507248
185,S,110.01148729568804,0.9017335024236725
186,G,23.173857678240193,0.27263361974400224
187,N,31.625546164116063,0.20016168458301306
188,V,0.0,0.0
189,K,73.70616188293158,0.3493183027627089
190,I,0.0,0.0
191,T,35.41183132933432,0.2425467899269474
192,V,12.897532179159379,0.08060957611974612
193,N,118.82742460019173,0.7520723075961502
194,G,74.84223718469333,0.8804969080552156
195,Q,58.060590645082904,0.30719889230202596
196,T,31.833205438518338,0.21803565368848177
197,V,2.4152564320798326,0.015095352700498953
198,R,98.08509680397697,0.40699210292106625
199,Y,22.77297788927152,0.09944531829376209
200,K,41.01254961481867,0.19437227305601265
201,C,1.0714590240627204,0.007653278743305146
202,N,85.09556622554987,0.5385795330731005
203,C,41.929253784765564,0.2994946698911826
204,G,49.14934998583992,0.5782276468922344
205,G,81.58419555026194,0.9598140652971993
206,S,44.8234899991823,0.3674056557310025
207,N,56.648696074706585,0.3585360511057379
208,E,87.77715431643043,0.4796565809641007
209,G,19.32205145663866,0.22731825243104306
210,L,83.51947945672632,0.463997108092924
211,T,12.6030644165531,0.08632235901748699
212,T,85.35003523049063,0.5845892824006208
213,T,94.86642203303869,0.6497700139249225
214,D,79.63272615844626,0.5273690474069289
215,K,55.322818311185536,0.26219345171177977
216,V,84.29647071818275,0.5268529419886422
217,I,13.28391037643908,0.07298851855186307
218,N,110.51536105821202,0.6994643104950128
219,N,113.69226521322815,0.7195712988178997
220,C,0.0,0.0
221,K,91.29719578744226,0.43268813169403914
222,I,49.37658766565937,0.27129993222889764
223,D,119.00352971798134,0.7881028458144459
224,Q,64.07744429346177,0.339034096790803
225,C,0.0,0.0
226,H,23.240245814195852,0.11979508151647346
227,A,0.0,0.0
228,A,6.038141080199582,0.0534348768159255
229,V,7.245769296239498,0.045286058101496864
230,T,21.056461928832515,0.1442223419783049
231,N,14.790241221982315,0.09360912165811591
232,H,101.35562042007008,0.5224516516498457
233,K,161.14470277678745,0.7637189705061017
234,N,54.184104071594774,0.3429373675417391
235,W,73.55128136510959,0.28398178133246943
236,Q,26.963510630783105,0.14266407741155082
237,Y,16.22594906467285,0.07085567277149717
238,N,14.631942651353231,0.09260723197059008
239,S,4.69434367218247,0.038478226821167784
240,P,32.60596183307774,0.22801371911243176
241,L,41.92486812142114,0.23291593400789523
242,V,40.945319532031846,0.25590824707519905
243,P,13.011571992484688,0.09099001393345936
244,R,29.754966499945013,0.1234645912860789
245,N,20.49049772910301,0.12968669448799372
246,A,43.57499594590449,0.38561943314959723
247,E,115.53470877359365,0.63133720641308
248,L,92.98737263507356,0.5165965146392976
249,G,18.61568319803492,0.21900803762394022
250,D,82.01135162018522,0.5431215339085114
251,R,77.44308634437664,0.32134060723807734
252,K,106.4057431770863,0.5042926216923521
253,G,2.4152564320798326,0.028414781553880383
254,K,80.87698534482703,0.38330324807974897
255,I,38.64410291327732,0.21233023578723803
256,H,31.57960351314996,0.16278146140798946
257,I,14.491538592478996,0.07962383842021427
258,P,1.2076282160399163,0.008444952559719695
259,F,8.044889936347825,0.036903164845632226
260,P,37.4364746972374,0.2617935293513105
261,L,44.4183753433166,0.24676875190731443
262,A,25.360192536838245,0.2244264826268871
263,N,41.62097558085409,0.263423896081355
264,V,58.90144420200151,0.3681340262625094
265,T,92.40171693259136,0.6328884721410367
266,C,20.50957347969561,0.1464969534263972
267,R,70.99898866148018,0.29460161270323726
268,V,2.279087240102637,0.01424429525064148
269,P,12.076282160399163,0.08444952559719694
270,K,62.990641730878906,0.2985338470657768
271,A,16.752731320826786,0.14825425947634324
272,R,35.95395712400839,0.14918654408302237
273,N,48.989342388807295,0.31005912904308414
274,P,21.5653496732316,0.15080664107154967
275,T,46.7714785063378,0.32035259250916304
276,V,56.49465750371576,0.3530916093982235
277,T,80.87530145116469,0.5539404208983882
278,Y,106.94514206933704,0.4670093540145722
279,G,10.868653944359247,0.12786651699246174
280,K,91.3729207367644,0.4330470177097839
281,N,49.99780619698022,0.3164418113732925
282,Q,49.05488857793179,0.2595496750155121
283,V,7.245769296239498,0.045286058101496864
284,T,27.893723649140426,0.19105290170644126
285,M,18.114423240598747,0.08879619235587621
286,L,41.05935934535716,0.22810755191865087
287,L,2.4152564320798326,0.013418091289332404
288,Y,9.252518152387744,0.04040400939907311
289,P,27.1949831774996,0.19017470753496224
290,D,104.59627377321287,0.6926905547894893
291,H,8.453397512279414,0.04357421398082172
292,P,49.51275685763657,0.3462430549485075
293,T,4.422005288228077,0.030287707453616967
294,L,27.775448968918077,0.15430804982732266
295,L,14.491538592478996,0.08050854773599442
296,S,2.279087240102637,0.01868104295166096
297,Y,62.33447612287952,0.2722029525016573
298,R,6.7896100429382615,0.028172655779826812
299,N,31.94214330537423,0.20216546395806476
300,M,12.076282160399163,0.059197461570584135
301,G,12.076282160399163,0.14207390776940193
302,Q,145.73649771347345,0.7710925804945685
303,E,86.72358980412255,0.4738993978367353
304,P,27.775448968918077,0.194233908873553
305,N,78.05151231041205,0.49399691335703827
306,Y,56.92952932519626,0.2486005647388483
307,H,74.32317068009661,0.3831091272169928
308,E,84.47510167646588,0.46161257746702666
309,E,69.20752686669712,0.3781832069218422
310,W,116.24116499679168,0.44880758686019956
311,V,3.622884648119749,0.022643029050748432
312,T,88.20355640411685,0.6041339479734031
313,H,81.15959045357334,0.4183484043998626
314,K,50.40547182608064,0.2388884920667329
315,K,68.58033930933448,0.3250253047835757
316,E,95.19148890809095,0.5201720705360161
317,V,33.81359004911766,0.21133493780698537
318,T,90.59752540437597,0.6205309959203834
319,L,30.19070540099791,0.16772614111665504
320,T,93.9353670678502,0.6433929251222616
321,V,9.915469600518875,0.061971685003242974
322,P,33.58551042246704,0.23486370924802125
323,T,130.52327245661178,0.893995016826108
324,E,90.18478296154734,0.49281302164779967
325,G,0.0,0.0
326,L,8.453397512279414,0.046963319512663415
327,E,9.643131216564484,0.05269470610144527
328,V,19.32205145663866,0.12076282160399163
329,T,16.49828744862724,0.11300196882621398
330,W,11.848202533748545,0.04574595572875886
331,G,0.0,0.0
332,N,20.63005984114608,0.13056999899459543
333,N,32.5633869694363,0.20609738588250823
334,E,108.4430031810862,0.5925847168365366
335,P,68.66285009878834,0.4801597909006178
336,Y,65.58464221857737,0.2863958175483728
337,K,77.15032760817391,0.36564136307191425
338,Y,19.16798775290662,0.08370300328780184
339,W,52.08715380717665,0.20110870195821098
340,P,36.99217809779612,0.2586865601244484
341,Q,21.013045118359905,0.11118013290137516
342,M,50.55136738891336,0.24780082053388902
343,S,2.4152564320798326,0.019797183869506824
344,T,36.347121161419835,0.24895288466725915
345,N,95.0476667964096,0.601567511369681
346,G,34.621180423020064,0.40730800497670666
347,T,44.74683513843472,0.3064851721810597
348,A,30.190705400997906,0.2671743840796275
349,H,85.46068212375008,0.44051898001933026
350,G,23.06321078498076,0.27133189158800897
351,H,174.37925244945336,0.8988621260281101
352,P,72.32152377041778,0.505744921471453
353,H,106.45084388122122,0.5487156901093877
354,E,81.05816727634486,0.44294080478876974
355,I,41.72231079348829,0.2292434658982873
356,I,99.96080354735867,0.5492351843261465
357,L,87.70070051761266,0.487226113986737
358,Y,32.29783442561366,0.1410385782777889
359,Y,21.623268075393185,0.09442475142093093
360,Y,132.47729282166216,0.5785034621033283
361,E,17.688021152912313,0.0966558532946028
362,L,67.62718009823531,0.3757065561013073
363,Y,87.63854724855403,0.38270107968800887
364,P,55.80534181003569,0.3902471455247251
365,T,125.05956530993579,0.8565723651365466
366,M,106.88452189749339,0.5239437347916343
367,T,31.130230099980473,0.2132207541094553
368,V,54.73388278597298,0.3420867674123311
369,V,86.72115192822335,0.542007199551396
370,I,87.88452138695949,0.48288198564263457
371,V,85.72370882707921,0.535773180169245
372,S,50.021644602035664,0.41001348034455465
373,V,72.32152377041778,0.45200952356511115
374,A,45.367324820259924,0.40148075062176924
375,S,50.45651642351618,0.4135780034714441
376,F,126.80096268419122,0.5816557921293175
377,V,84.12546754686255,0.525784172167891
378,L,77.28820582655464,0.4293789212586369
379,L,108.80481412381482,0.6044711895767491
380,S,60.095412773183625,0.4925853505998658
381,M,74.67440073876796,0.3660509840135684
382,V,73.12064441052611,0.4570040275657882
383,G,38.49003920954528,0.4528239907005327
384,T,82.355268051159,0.5640771784325959
385,A,21.99175176091804,0.19461727222051362
386,V,87.90665076561139,0.5494165672850712
387,G,25.224023344861045,0.2967532158218947
388,M,58.50022512102627,0.2867658094167954
389,C,82.16919780147222,0.5869228414390874
390,V,82.1187186907143,0.5132419918169644
391,C,41.01914695939122,0.2929939068527944
392,A,33.13274408923168,0.2932101246834662
393,R,110.7094486523508,0.4593753056114141
394,R,105.07810612167927,0.43600873909410487
395,R,76.85499276599525,0.3189003849211421
396,C,29.230081765753845,0.20878629832681317
397,I,56.48618776992168,0.3103636690655037
398,T,23.880225936843935,0.16356319134824612
399,P,24.152564320798326,0.16889905119439388
400,Y,22.927041593003565,0.10011808555896753
401,E,37.38279116197286,0.20427754733318504
402,L,22.808766912781216,0.12671537173767342
403,T,4.716473050834356,0.03230460993722162
404,P,17.025069704781178,0.11905643150196628
405,G,26.123524153436875,0.30733557827572794
406,A,70.65170444318174,0.6252363225060331
407,T,85.41558141961512,0.5850382289014734
408,V,35.978637475894985,0.22486648422434366
409,P,77.17416601322932,0.5396794826099953
410,F,162.62130158945712,0.7459692733461336
411,L,56.758526153876076,0.31532514529931155
412,L,15.699166808518912,0.08721759338066062
413,S,64.30543595551808,0.5270937373403121
414,L,114.9433353724819,0.6385740854026772
415,L,88.37551461960375,0.4909750812200208
416,C,93.18054288415752,0.6655753063154108
417,C,35.3812699160002,0.25272335654285855
418,V,69.77009814636077,0.4360631134147548
419,R,194.88083371743824,0.8086341648026483
420,T,39.540210801787275,0.27082336165607723
421,T,126.07913778973182,0.8635557382858343
422,K,181.10247435643595,0.8583055656703126
423,A,118.59342621298174,1.0494993470175376
