species,accession,title,length,organism,taxid,create_date,update_date,gi,extra,subtype,subname
Gracilaria coronopifolia,HQ422578,"Gracilaria coronopifolia voucher ARS01944 28S ribosomal RNA gene, partial sequence",640,,439548,2011/03/27,2021/10/13,326535334,gi|326535334|gb|HQ422578.1|[326535334],,
Gracilaria coronopifolia,HQ422467,"Gracilaria coronopifolia voucher ARS02322 28S ribosomal RNA gene, partial sequence",640,,439548,2011/03/27,2021/10/13,326535223,gi|326535223|gb|HQ422467.1|[326535223],,
Gracilaria coronopifolia,HQ422317,"Gracilaria coronopifolia voucher ARS00184 28S ribosomal RNA gene, partial sequence",600,,439548,2011/03/27,2021/10/13,326535073,gi|326535073|gb|HQ422317.1|[326535073],,
Gracilaria coronopifolia,HQ421829,"Gracilaria coronopifolia voucher ARS02893 28S ribosomal RNA gene, partial sequence",640,,439548,2011/03/27,2021/10/13,326534585,gi|326534585|gb|HQ421829.1|[326534585],,
Gracilaria coronopifolia,KJ775800,"Gracilaria coronopifolia voucher ARS 02322 ribulose-1,5-bisphosphate carboxylase/oxygenase large subunit (rbcL) gene, partial cds; chloroplast",1200,,439548,2014/05/07,2014/05/07,629233978,gi|629233978|gb|KJ775800.1|[629233978],,
Gracilaria coronopifolia,KJ775798,"Gracilaria coronopifolia voucher ARS 00184 ribulose-1,5-bisphosphate carboxylase/oxygenase large subunit (rbcL) gene, partial cds; chloroplast",1200,,439548,2014/05/07,2014/05/07,629233974,gi|629233974|gb|KJ775798.1|[629233974],,
Gracilaria coronopifolia,HQ423010,"Gracilaria coronopifolia voucher ARS03578 cytochrome c oxidase subunit I (COI) gene, partial cds; mitochondrial",616,,439548,2011/04/04,2011/04/04,327244054,gi|327244054|gb|HQ423010.1|[327244054],,
Gracilaria coronopifolia,HQ422886,"Gracilaria coronopifolia voucher ARS00184 cytochrome c oxidase subunit I (COI) gene, partial cds; mitochondrial",616,,439548,2011/04/04,2011/04/04,327243808,gi|327243808|gb|HQ422886.1|[327243808],,
Gracilaria coronopifolia,HQ422738,"Gracilaria coronopifolia voucher ARS02893 cytochrome c oxidase subunit I (COI) gene, partial cds; mitochondrial",616,,439548,2011/04/04,2011/04/04,327243514,gi|327243514|gb|HQ422738.1|[327243514],,
Gracilaria coronopifolia,HQ422684,"Gracilaria coronopifolia voucher ARS01944 cytochrome c oxidase subunit I (COI) gene, partial cds; mitochondrial",616,,439548,2011/04/04,2011/04/04,327243406,gi|327243406|gb|HQ422684.1|[327243406],,
Gracilaria coronopifolia,HQ422645,"Gracilaria coronopifolia voucher ARS02322 cytochrome c oxidase subunit I (COI) gene, partial cds; mitochondrial",616,,439548,2011/04/04,2011/04/04,327243330,gi|327243330|gb|HQ422645.1|[327243330],,
Gracilaria coronopifolia,HQ421518,"Gracilaria coronopifolia voucher ARS02322 23S ribosomal RNA gene, partial sequence; plastid",408,,439548,2011/03/28,2011/03/28,326662949,gi|326662949|gb|HQ421518.1|[326662949],,
Gracilaria coronopifolia,HQ421253,"Gracilaria coronopifolia voucher ARS03578 23S ribosomal RNA gene, partial sequence; plastid",409,,439548,2011/03/28,2011/03/28,326662684,gi|326662684|gb|HQ421253.1|[326662684],,
Gracilaria coronopifolia,HQ420985,"Gracilaria coronopifolia voucher ARS02893 23S ribosomal RNA gene, partial sequence; plastid",409,,439548,2011/03/28,2011/03/28,326662417,gi|326662417|gb|HQ420985.1|[326662417],,
Gracilaria coronopifolia,HQ420928,"Gracilaria coronopifolia voucher ARS01459 23S ribosomal RNA gene, partial sequence; plastid",409,,439548,2011/03/28,2011/03/28,326662360,gi|326662360|gb|HQ420928.1|[326662360],,
Gracilaria coronopifolia,EF426614,"Gracilaria coronopifolia isolate 00184 23S ribosomal RNA gene, partial sequence; plastid",410,,439548,2007/06/01,2009/02/02,146161042,gi|146161042|gb|EF426614.1|[146161042],,
Gracilaria parvispora,LC821037,"Gracilaria parvispora MAS-01213 mitochondrial COX1 gene for cytochrome c oxidase subunit 1, partial cds",768,,448387,2025/04/12,2025/04/12,2955316643,gi|2955316643|dbj|LC821037.1|[2955316643],,
Gracilaria parvispora,LC821279,"Gracilaria parvispora MAS-01213 chloroplast rbcL gene for ribulose-1,5-bisphosphate carboxylase/oxygenase large subunit, partial cds",1299,,448387,2025/04/12,2025/04/12,2955316165,gi|2955316165|dbj|LC821279.1|[2955316165],,
Gracilaria parvispora,JBHZFV000000000,"Gracilaria parvispora isolate MMT70R6XTX, whole genome shotgun sequencing project",159925,,448387,2024/10/10,2024/10/10,2814875292,gi|2814875292|gb|JBHZFV000000000.1|JBHZFV010000000[2814875292],,
Gracilaria parvispora,OP669573,"Gracilaria parvispora ZZ4-2 ribulose-1,5-bisphosphate carboxylase/oxygenase large subunit (rbcL) gene, partial cds; chloroplast",1335,,448387,2023/04/04,2023/04/04,2368056854,gi|2368056854|gb|OP669573.1|[2368056854],,
Gracilaria parvispora,OP669572,"Gracilaria parvispora ZZ4-1 ribulose-1,5-bisphosphate carboxylase/oxygenase large subunit (rbcL) gene, partial cds; chloroplast",1335,,448387,2023/04/04,2023/04/04,2368056852,gi|2368056852|gb|OP669572.1|[2368056852],,
Gracilaria parvispora,OP669571,"Gracilaria parvispora TWR3 ribulose-1,5-bisphosphate carboxylase/oxygenase large subunit (rbcL) gene, partial cds; chloroplast",1335,,448387,2023/04/04,2023/04/04,2368056850,gi|2368056850|gb|OP669571.1|[2368056850],,
Gracilaria parvispora,OP669570,"Gracilaria parvispora AST82686 B.M. Xia ribulose-1,5-bisphosphate carboxylase/oxygenase large subunit (rbcL) gene, partial cds; chloroplast",120,,448387,2023/04/04,2023/04/04,2368056848,gi|2368056848|gb|OP669570.1|[2368056848],,
Gracilaria parvispora,ON527807,"Gracilaria parvispora isolate SV6 cytochrome c oxidase subunit 1 (cox1) gene, partial cds; mitochondrial",1134,,448387,2023/02/15,2023/02/15,2442379289,gi|2442379289|gb|ON527807.1|[2442379289],,
Gracilaria parvispora,ON527806,"Gracilaria parvispora isolate EB12 cytochrome c oxidase subunit 1 (cox1) gene, partial cds; mitochondrial",1134,,448387,2023/02/15,2023/02/15,2442379287,gi|2442379287|gb|ON527806.1|[2442379287],,
Gracilaria parvispora,ON527805,"Gracilaria parvispora isolate PA7 cytochrome c oxidase subunit 1 (cox1) gene, partial cds; mitochondrial",1134,,448387,2023/02/15,2023/02/15,2442379285,gi|2442379285|gb|ON527805.1|[2442379285],,
Gracilaria parvispora,ON527804,"Gracilaria parvispora isolate EB1 cytochrome c oxidase subunit 1 (cox1) gene, partial cds; mitochondrial",1134,,448387,2023/02/15,2023/02/15,2442379283,gi|2442379283|gb|ON527804.1|[2442379283],,
Gracilaria parvispora,ON527803,"Gracilaria parvispora isolate PA6 cytochrome c oxidase subunit 1 (cox1) gene, partial cds; mitochondrial",1134,,448387,2023/02/15,2023/02/15,2442379281,gi|2442379281|gb|ON527803.1|[2442379281],,
Gracilaria parvispora,ON527802,"Gracilaria parvispora isolate PA15 cytochrome c oxidase subunit 1 (cox1) gene, partial cds; mitochondrial",1134,,448387,2023/02/15,2023/02/15,2442379279,gi|2442379279|gb|ON527802.1|[2442379279],,
Gracilaria parvispora,ON181224,"UNVERIFIED: Gracilaria parvispora isolate SV6 ribulose-1,5-bisphosphate carboxylase/oxygenase large subunit-like gene, partial sequence; chloroplast",1146,,448387,2023/01/31,2023/01/31,2431686454,gi|2431686454|gb|ON181224.1|[2431686454],,
Gracilaria parvispora,ON181223,"UNVERIFIED: Gracilaria parvispora isolate EB12 ribulose-1,5-bisphosphate carboxylase/oxygenase large subunit-like gene, partial sequence; chloroplast",1148,,448387,2023/01/31,2023/01/31,2431686453,gi|2431686453|gb|ON181223.1|[2431686453],,
Gracilaria parvispora,ON181222,"UNVERIFIED: Gracilaria parvispora isolate PA7 ribulose-1,5-bisphosphate carboxylase/oxygenase large subunit-like gene, partial sequence; chloroplast",1148,,448387,2023/01/31,2023/01/31,2431686452,gi|2431686452|gb|ON181222.1|[2431686452],,
Gracilaria parvispora,ON181221,"UNVERIFIED: Gracilaria parvispora isolate EB1 ribulose-1,5-bisphosphate carboxylase/oxygenase large subunit-like gene, partial sequence; chloroplast",1148,,448387,2023/01/31,2023/01/31,2431686451,gi|2431686451|gb|ON181221.1|[2431686451],,
Gracilaria parvispora,ON181220,"UNVERIFIED: Gracilaria parvispora isolate PA6 ribulose-1,5-bisphosphate carboxylase/oxygenase large subunit-like gene, partial sequence; chloroplast",1148,,448387,2023/01/31,2023/01/31,2431686450,gi|2431686450|gb|ON181220.1|[2431686450],,
Gracilaria parvispora,ON181219,"UNVERIFIED: Gracilaria parvispora isolate PA15 ribulose-1,5-bisphosphate carboxylase/oxygenase large subunit-like gene, partial sequence; chloroplast",1146,,448387,2023/01/31,2023/01/31,2431686449,gi|2431686449|gb|ON181219.1|[2431686449],,
Gracilaria parvispora,HQ422571,"Gracilaria parvispora voucher ARS02757 28S ribosomal RNA gene, partial sequence",641,,448387,2011/03/27,2021/10/13,326535327,gi|326535327|gb|HQ422571.1|[326535327],,
Gracilaria parvispora,HQ422570,"Gracilaria parvispora voucher ARS02756 28S ribosomal RNA gene, partial sequence",601,,448387,2011/03/27,2021/10/13,326535326,gi|326535326|gb|HQ422570.1|[326535326],,
Gracilaria parvispora,HQ422431,"Gracilaria parvispora voucher ARS00950 28S ribosomal RNA gene, partial sequence",601,,448387,2011/03/27,2021/10/13,326535187,gi|326535187|gb|HQ422431.1|[326535187],,
Gracilaria parvispora,HQ422430,"Gracilaria parvispora voucher ARS00949 28S ribosomal RNA gene, partial sequence",601,,448387,2011/03/27,2021/10/13,326535186,gi|326535186|gb|HQ422430.1|[326535186],,
Gracilaria parvispora,HQ422206,"Gracilaria parvispora voucher ARS03577 28S ribosomal RNA gene, partial sequence",641,,448387,2011/03/27,2021/10/13,326534962,gi|326534962|gb|HQ422206.1|[326534962],,
Gracilaria parvispora,HQ422134,"Gracilaria parvispora voucher ARS03514 28S ribosomal RNA gene, partial sequence",640,,448387,2011/03/27,2021/10/13,326534890,gi|326534890|gb|HQ422134.1|[326534890],,
Gracilaria parvispora,KY056221,"Gracilaria parvispora voucher EC01 ribulose-1,5-bisphosphate carboxylase/oxygenase large subunit (rbcL) gene, partial cds; plastid",936,,448387,2017/10/10,2017/10/10,1251770651,gi|1251770651|gb|KY056221.1|[1251770651],,
Gracilaria parvispora,KY056220,"Gracilaria parvispora voucher EC01 cytochrome oxidase subunit 2 (cox2) gene, partial cds; mitochondrial",178,,448387,2017/10/10,2017/10/10,1251770649,gi|1251770649|gb|KY056220.1|[1251770649],,
Gracilaria parvispora,KY056219,"Gracilaria parvispora voucher EC01 cytochrome oxidase subunit I (cox1) gene, partial cds; mitochondrial",826,,448387,2017/10/10,2017/10/10,1251770647,gi|1251770647|gb|KY056219.1|[1251770647],,
Gracilaria parvispora,KC113599,"Gracilaria parvispora isolate 482 ribulose-1,5-bisphosphate carboxylase/oxygenase large subunit (rbcL) gene, partial cds; plastid",1439,,448387,2013/02/02,2016/07/26,443909706,gi|443909706|gb|KC113599.1|[443909706],,
Gracilaria parvispora,KC113598,"Gracilaria parvispora isolate 774 ribulose-1,5-bisphosphate carboxylase/oxygenase large subunit (rbcL) gene, partial cds; plastid",1391,,448387,2013/02/02,2016/07/26,443909704,gi|443909704|gb|KC113598.1|[443909704],,
Gracilaria parvispora,KC113597,"Gracilaria parvispora isolate 1054 ribulose-1,5-bisphosphate carboxylase/oxygenase large subunit (rbcL) gene, partial cds; plastid",1441,,448387,2013/02/02,2016/07/26,443909702,gi|443909702|gb|KC113597.1|[443909702],,
Gracilaria parvispora,KC113596,"Gracilaria parvispora isolate 111 ribulose-1,5-bisphosphate carboxylase/oxygenase large subunit (rbcL) gene, partial cds; plastid",627,,448387,2013/02/02,2016/07/26,443909700,gi|443909700|gb|KC113596.1|[443909700],,
Gracilaria parvispora,JQ026040,"Gracilaria parvispora voucher GB0601 ribulose-1,5-bisphosphate carboxylase/oxygenase large subunit (rbcL) gene, partial cds; plastid",1171,,448387,2014/12/01,2016/07/26,410446149,gi|410446149|gb|JQ026040.1|[410446149],,
Gracilaria parvispora,HQ880639,"Gracilaria parvispora voucher NM194 ribulose-1,5-bisphosphate carboxylase/oxygenase large subunit (rbcL) gene, partial cds; chloroplast",1390,,448387,2011/07/26,2016/07/25,340796259,gi|340796259|gb|HQ880639.1|[340796259],,
Gracilaria parvispora,HQ880638,"Gracilaria parvispora voucher NM119 ribulose-1,5-bisphosphate carboxylase/oxygenase large subunit (rbcL) gene, partial cds; chloroplast",1390,,448387,2011/07/26,2016/07/25,340796257,gi|340796257|gb|HQ880638.1|[340796257],,
Gracilaria parvispora,HQ880637,"Gracilaria parvispora voucher NM104 ribulose-1,5-bisphosphate carboxylase/oxygenase large subunit (rbcL) gene, partial cds; chloroplast",1390,,448387,2011/07/26,2016/07/25,340796255,gi|340796255|gb|HQ880637.1|[340796255],,
Gracilaria parvispora,HQ322047,"Gracilaria parvispora voucher GB0601 cytochrome oxidase subunit 1 (COI) gene, partial cds; mitochondrial",661,,448387,2011/07/19,2016/07/25,339958652,gi|339958652|gb|HQ322047.1|[339958652],,
Gracilaria parvispora,HQ322038,"Gracilaria parvispora voucher JD100404-20 cytochrome oxidase subunit 1 (COI) gene, partial cds; mitochondrial",661,,448387,2011/07/19,2016/07/25,339958634,gi|339958634|gb|HQ322038.1|[339958634],,
Gracilaria parvispora,HQ322037,"Gracilaria parvispora voucher MI59 cytochrome oxidase subunit 1 (COI) gene, partial cds; mitochondrial",661,,448387,2011/07/19,2016/07/25,339958632,gi|339958632|gb|HQ322037.1|[339958632],,
Gracilaria parvispora,HQ322036,"Gracilaria parvispora voucher MI60 cytochrome oxidase subunit 1 (COI) gene, partial cds; mitochondrial",661,,448387,2011/07/19,2016/07/25,339958630,gi|339958630|gb|HQ322036.1|[339958630],,
Gracilaria parvispora,HQ322035,"Gracilaria parvispora voucher MI61 cytochrome oxidase subunit 1 (COI) gene, partial cds; mitochondrial",661,,448387,2011/07/19,2016/07/25,339958628,gi|339958628|gb|HQ322035.1|[339958628],,
Gracilaria parvispora,HQ322034,"Gracilaria parvispora voucher G074 cytochrome oxidase subunit 1 (COI) gene, partial cds; mitochondrial",661,,448387,2011/07/19,2016/07/25,339958626,gi|339958626|gb|HQ322034.1|[339958626],,
Gracilaria parvispora,HQ322033,"Gracilaria parvispora voucher G153 cytochrome oxidase subunit 1 (COI) gene, partial cds; mitochondrial",661,,448387,2011/07/19,2016/07/25,339958624,gi|339958624|gb|HQ322033.1|[339958624],,
Gracilaria parvispora,HQ322032,"Gracilaria parvispora voucher G154 cytochrome oxidase subunit 1 (COI) gene, partial cds; mitochondrial",661,,448387,2011/07/19,2016/07/25,339958622,gi|339958622|gb|HQ322032.1|[339958622],,
Gracilaria parvispora,HQ322030,"Gracilaria parvispora voucher GM51 cytochrome oxidase subunit 1 (COI) gene, partial cds; mitochondrial",661,,448387,2011/07/19,2016/07/25,339958618,gi|339958618|gb|HQ322030.1|[339958618],,
Gracilaria parvispora,HQ322029,"Gracilaria parvispora voucher G143 cytochrome oxidase subunit 1 (COI) gene, partial cds; mitochondrial",639,,448387,2011/07/19,2016/07/25,339958616,gi|339958616|gb|HQ322029.1|[339958616],,
Gracilaria parvispora,HQ322028,"Gracilaria parvispora voucher G150 cytochrome oxidase subunit 1 (COI) gene, partial cds; mitochondrial",642,,448387,2011/07/19,2016/07/25,339958614,gi|339958614|gb|HQ322028.1|[339958614],,
Gracilaria parvispora,HQ322027,"Gracilaria parvispora voucher G152 cytochrome oxidase subunit 1 (COI) gene, partial cds; mitochondrial",642,,448387,2011/07/19,2016/07/25,339958612,gi|339958612|gb|HQ322027.1|[339958612],,
Gracilaria parvispora,EF434945,"Gracilaria parvispora voucher G671 ribulose-1,5-bisphosphate carboxylase/oxygenase large subunit (rbcL) gene, partial cds; plastid",1425,,448387,2008/02/28,2016/07/23,151177054,gi|151177054|gb|EF434945.1|[151177054],,
Gracilaria parvispora,EF434944,"Gracilaria parvispora voucher G280 ribulose-1,5-bisphosphate carboxylase/oxygenase large subunit (rbcL) gene, partial cds; plastid",1425,,448387,2008/02/28,2016/07/23,151177052,gi|151177052|gb|EF434944.1|[151177052],,
Gracilaria parvispora,EF434943,"Gracilaria parvispora voucher G435 ribulose-1,5-bisphosphate carboxylase/oxygenase large subunit (rbcL) gene, partial cds; plastid",1425,,448387,2008/02/28,2016/07/23,151177050,gi|151177050|gb|EF434943.1|[151177050],,
Gracilaria parvispora,EF434942,"Gracilaria parvispora voucher G425 ribulose-1,5-bisphosphate carboxylase/oxygenase large subunit (rbcL) gene, partial cds; plastid",1425,,448387,2008/02/28,2016/07/23,151177048,gi|151177048|gb|EF434942.1|[151177048],,
Gracilaria parvispora,EF434922,"Gracilaria parvispora voucher G671 cytochrome c oxidase subunit I (cox1) gene, partial cds; mitochondrial",1245,,448387,2008/02/28,2016/07/23,151177008,gi|151177008|gb|EF434922.1|[151177008],,
Gracilaria parvispora,EF434921,"Gracilaria parvispora voucher G425 cytochrome c oxidase subunit I (cox1) gene, partial cds; mitochondrial",1245,,448387,2008/02/28,2016/07/23,151177006,gi|151177006|gb|EF434921.1|[151177006],,
Gracilaria parvispora,KF475739,"Gracilaria parvispora voucher GB0601 23S ribosomal RNA (UPA) gene, partial sequence; chloroplast",378,,448387,2015/07/31,2015/07/31,545910545,gi|545910545|gb|KF475739.1|[545910545],,
Gracilaria parvispora,KC113595,"Gracilaria parvispora isolate G718 cytochrome c oxidase subunit 1 (cox1) gene, partial cds; mitochondrial",1367,,448387,2013/02/02,2013/02/02,443909698,gi|443909698|gb|KC113595.1|[443909698],,
Gracilaria parvispora,KC113594,"Gracilaria parvispora isolate G435 cytochrome c oxidase subunit 1 (cox1) gene, partial cds; mitochondrial",1367,,448387,2013/02/02,2013/02/02,443909696,gi|443909696|gb|KC113594.1|[443909696],,
Gracilaria parvispora,KC113593,"Gracilaria parvispora isolate G280 cytochrome c oxidase subunit 1 (cox1) gene, partial cds; mitochondrial",1343,,448387,2013/02/02,2013/02/02,443909694,gi|443909694|gb|KC113593.1|[443909694],,
Gracilaria parvispora,KC113592,"Gracilaria parvispora isolate 482 cytochrome c oxidase subunit 1 (cox1) gene, partial cds; mitochondrial",1367,,448387,2013/02/02,2013/02/02,443909692,gi|443909692|gb|KC113592.1|[443909692],,
Gracilaria parvispora,KC113591,"Gracilaria parvispora isolate 774 cytochrome c oxidase subunit 1 (cox1) gene, partial cds; mitochondrial",1366,,448387,2013/02/02,2013/02/02,443909690,gi|443909690|gb|KC113591.1|[443909690],,
Gracilaria parvispora,KC113590,"Gracilaria parvispora isolate 111 cytochrome c oxidase subunit 1 (cox1) gene, partial cds; mitochondrial",677,,448387,2013/02/02,2013/02/02,443909688,gi|443909688|gb|KC113590.1|[443909688],,
Gracilaria parvispora,HQ422915,"Gracilaria parvispora voucher ARS03514 cytochrome c oxidase subunit I (COI) gene, partial cds; mitochondrial",616,,448387,2011/04/04,2011/04/04,327243864,gi|327243864|gb|HQ422915.1|[327243864],,
Gracilaria parvispora,HQ421541,"Gracilaria parvispora voucher ARS00778 23S ribosomal RNA gene, partial sequence; plastid",409,,448387,2011/03/28,2011/03/28,326662972,gi|326662972|gb|HQ421541.1|[326662972],,
Gracilaria parvispora,HQ421512,"Gracilaria parvispora voucher ARS00950 23S ribosomal RNA gene, partial sequence; plastid",369,,448387,2011/03/28,2011/03/28,326662943,gi|326662943|gb|HQ421512.1|[326662943],,
Gracilaria parvispora,HQ421511,"Gracilaria parvispora voucher ARS00949 23S ribosomal RNA gene, partial sequence; plastid",369,,448387,2011/03/28,2011/03/28,326662942,gi|326662942|gb|HQ421511.1|[326662942],,
Gracilaria parvispora,HQ421390,"Gracilaria parvispora voucher ARS04467 23S ribosomal RNA gene, partial sequence; plastid",409,,448387,2011/03/28,2011/03/28,326662821,gi|326662821|gb|HQ421390.1|[326662821],,
Gracilaria parvispora,HQ421281,"Gracilaria parvispora voucher ARS03606 23S ribosomal RNA gene, partial sequence; plastid",409,,448387,2011/03/28,2011/03/28,326662712,gi|326662712|gb|HQ421281.1|[326662712],,
Gracilaria parvispora,HQ421269,"Gracilaria parvispora voucher ARS03514 23S ribosomal RNA gene, partial sequence; plastid",409,,448387,2011/03/28,2011/03/28,326662700,gi|326662700|gb|HQ421269.1|[326662700],,
Gracilaria parvispora,HQ421255,"Gracilaria parvispora voucher ARS03577 23S ribosomal RNA gene, partial sequence; plastid",409,,448387,2011/03/28,2011/03/28,326662686,gi|326662686|gb|HQ421255.1|[326662686],,
Gracilaria salicornia,PX512891,"Gracilaria salicornia isolate BSSL42 ribulose-1,5-bisphosphate carboxylase/oxygenase large subunit (rbcL) gene, partial cds; chloroplast",627,,172968,2026/01/28,2026/01/28,3146857268,gi|3146857268|gb|PX512891.1|[3146857268],,
Gracilaria salicornia,PX512890,"Gracilaria salicornia isolate TSSL29 ribulose-1,5-bisphosphate carboxylase/oxygenase large subunit (rbcL) gene, partial cds; chloroplast",648,,172968,2026/01/28,2026/01/28,3146857266,gi|3146857266|gb|PX512890.1|[3146857266],,
Gracilaria salicornia,PQ629391,"Gracilaria salicornia voucher GWS002001 18S small subunit ribosomal RNA gene, partial sequence",1683,,172968,2025/11/21,2025/11/21,3006166518,gi|3006166518|gnl|uoguelph|ABMMC1276-07.18S|gb|PQ629391.1|[3006166518],,
Gracilaria salicornia,PV441506,"Gracilaria salicornia voucher XCH-20595 ribulose-1,5-bisphosphate carboxylase/oxygenase large subunit (rbcL) gene, partial cds; chloroplast",1002,,172968,2025/04/09,2025/04/09,2949937553,gi|2949937553|gb|PV441506.1|[2949937553],,
Gracilaria salicornia,JBMBRG000000000,"Gracilaria salicornia isolate Q9VURDLAY8, whole genome shotgun sequencing project",20097,,172968,2025/03/29,2025/03/29,2946748423,gi|2946748423|gb|JBMBRG000000000.1|JBMBRG010000000[2946748423],,
Gracilaria salicornia,PV290067,Gracilaria salicornia voucher XCH-20594 chloroplast,1100,,172968,2025/03/29,2025/03/29,2938648363,gi|2938648363|gb|PV290067.1|[2938648363],,
Gracilaria salicornia,PV240360,"Gracilaria salicornia voucher XCH-20593 ribulose-1,5-bisphosphate carboxylase/oxygenase large subunit (rbcL) gene, partial cds; chloroplast",1157,,172968,2025/03/26,2025/03/26,2937185346,gi|2937185346|gb|PV240360.1|[2937185346],,
Gracilaria salicornia,PQ799453,"Gracilaria salicornia voucher LZ230414010 cytochrome c oxidase subunit I (cox1) gene, partial cds; mitochondrial",663,,172968,2025/02/26,2025/02/26,2916099974,gi|2916099974|gb|PQ799453.1|[2916099974],,
Gracilaria salicornia,PQ799452,"Gracilaria salicornia voucher LZ23041409 cytochrome c oxidase subunit I (cox1) gene, partial cds; mitochondrial",663,,172968,2025/02/26,2025/02/26,2916099972,gi|2916099972|gb|PQ799452.1|[2916099972],,
Gracilaria salicornia,PQ799448,"Gracilaria salicornia voucher LZ23041409 ribulose-1,5-bisphosphate carboxylase/oxygenase large subunit (rbcL) gene, partial cds; chloroplast",1256,,172968,2025/02/26,2025/02/26,2916099964,gi|2916099964|gb|PQ799448.1|[2916099964],,
Gracilaria salicornia,PQ799447,"Gracilaria salicornia voucher LZ23041408 ribulose-1,5-bisphosphate carboxylase/oxygenase large subunit (rbcL) gene, partial cds; chloroplast",1256,,172968,2025/02/26,2025/02/26,2916099962,gi|2916099962|gb|PQ799447.1|[2916099962],,
Gracilaria salicornia,PQ799444,"Gracilaria salicornia voucher LZ23041408 cytochrome c oxidase subunit I (cox1) gene, partial cds; mitochondrial",709,,172968,2025/02/26,2025/02/26,2916099956,gi|2916099956|gb|PQ799444.1|[2916099956],,
Gracilaria salicornia,PQ900953,"Gracilaria salicornia voucher VPQBT3688 cytochrome c oxidase subunit 1 (COX1) gene, partial cds; mitochondrial",857,,172968,2025/01/27,2025/01/27,2891883799,gi|2891883799|gb|PQ900953.1|[2891883799],,
Gracilaria salicornia,PQ900952,"Gracilaria salicornia voucher VPQBT3681 cytochrome c oxidase subunit 1 (COX1) gene, partial cds; mitochondrial",857,,172968,2025/01/27,2025/01/27,2891883797,gi|2891883797|gb|PQ900952.1|[2891883797],,
Gracilaria salicornia,PQ900951,"Gracilaria salicornia voucher VPQBT3680 cytochrome c oxidase subunit 1 (COX1) gene, partial cds; mitochondrial",857,,172968,2025/01/27,2025/01/27,2891883795,gi|2891883795|gb|PQ900951.1|[2891883795],,
Gracilaria salicornia,PQ900950,"Gracilaria salicornia voucher VPQBT3679 cytochrome c oxidase subunit 1 (COX1) gene, partial cds; mitochondrial",857,,172968,2025/01/27,2025/01/27,2891883793,gi|2891883793|gb|PQ900950.1|[2891883793],,
Gracilaria salicornia,PQ900949,"Gracilaria salicornia voucher VPQBT3677 cytochrome c oxidase subunit 1 (COX1) gene, partial cds; mitochondrial",857,,172968,2025/01/27,2025/01/27,2891883791,gi|2891883791|gb|PQ900949.1|[2891883791],,
Gracilaria salicornia,PQ900948,"Gracilaria salicornia voucher VNT3650 cytochrome c oxidase subunit 1 (COX1) gene, partial cds; mitochondrial",857,,172968,2025/01/27,2025/01/27,2891883789,gi|2891883789|gb|PQ900948.1|[2891883789],,
Gracilaria salicornia,PQ900947,"Gracilaria salicornia voucher VNT3649 cytochrome c oxidase subunit 1 (COX1) gene, partial cds; mitochondrial",857,,172968,2025/01/27,2025/01/27,2891883787,gi|2891883787|gb|PQ900947.1|[2891883787],,
Gracilaria salicornia,PQ900946,"Gracilaria salicornia voucher VNT3643 cytochrome c oxidase subunit 1 (COX1) gene, partial cds; mitochondrial",857,,172968,2025/01/27,2025/01/27,2891883785,gi|2891883785|gb|PQ900946.1|[2891883785],,
Gracilaria salicornia,PQ900945,"Gracilaria salicornia voucher VNT3641 cytochrome c oxidase subunit 1 (COX1) gene, partial cds; mitochondrial",857,,172968,2025/01/27,2025/01/27,2891883783,gi|2891883783|gb|PQ900945.1|[2891883783],,
Gracilaria salicornia,PQ900944,"Gracilaria salicornia voucher VNT3639 cytochrome c oxidase subunit 1 (COX1) gene, partial cds; mitochondrial",857,,172968,2025/01/27,2025/01/27,2891883781,gi|2891883781|gb|PQ900944.1|[2891883781],,
Gracilaria salicornia,PQ900943,"Gracilaria salicornia voucher VNT3638 cytochrome c oxidase subunit 1 (COX1) gene, partial cds; mitochondrial",857,,172968,2025/01/27,2025/01/27,2891883779,gi|2891883779|gb|PQ900943.1|[2891883779],,
Gracilaria salicornia,PQ900942,"Gracilaria salicornia voucher VNT3636 cytochrome c oxidase subunit 1 (COX1) gene, partial cds; mitochondrial",857,,172968,2025/01/27,2025/01/27,2891883777,gi|2891883777|gb|PQ900942.1|[2891883777],,
Gracilaria salicornia,PQ900941,"Gracilaria salicornia voucher VNT3634 cytochrome c oxidase subunit 1 (COX1) gene, partial cds; mitochondrial",857,,172968,2025/01/27,2025/01/27,2891883775,gi|2891883775|gb|PQ900941.1|[2891883775],,
Gracilaria salicornia,PQ900940,"Gracilaria salicornia voucher VNT3628 cytochrome c oxidase subunit 1 (COX1) gene, partial cds; mitochondrial",857,,172968,2025/01/27,2025/01/27,2891883773,gi|2891883773|gb|PQ900940.1|[2891883773],,
Gracilaria salicornia,PQ900939,"Gracilaria salicornia voucher VNH14 cytochrome c oxidase subunit 1 (COX1) gene, partial cds; mitochondrial",857,,172968,2025/01/27,2025/01/27,2891883771,gi|2891883771|gb|PQ900939.1|[2891883771],,
Gracilaria salicornia,PQ900938,"Gracilaria salicornia voucher VNH13 cytochrome c oxidase subunit 1 (COX1) gene, partial cds; mitochondrial",857,,172968,2025/01/27,2025/01/27,2891883769,gi|2891883769|gb|PQ900938.1|[2891883769],,
Gracilaria salicornia,PQ900937,"Gracilaria salicornia voucher VNH12 cytochrome c oxidase subunit 1 (COX1) gene, partial cds; mitochondrial",857,,172968,2025/01/27,2025/01/27,2891883767,gi|2891883767|gb|PQ900937.1|[2891883767],,
Gracilaria salicornia,PQ900936,"Gracilaria salicornia voucher VNH9 cytochrome c oxidase subunit 1 (COX1) gene, partial cds; mitochondrial",857,,172968,2025/01/27,2025/01/27,2891883765,gi|2891883765|gb|PQ900936.1|[2891883765],,
Gracilaria salicornia,PQ900935,"Gracilaria salicornia voucher VNH8 cytochrome c oxidase subunit 1 (COX1) gene, partial cds; mitochondrial",857,,172968,2025/01/27,2025/01/27,2891883763,gi|2891883763|gb|PQ900935.1|[2891883763],,
Gracilaria salicornia,PQ900934,"Gracilaria salicornia voucher VNH6 cytochrome c oxidase subunit 1 (COX1) gene, partial cds; mitochondrial",857,,172968,2025/01/27,2025/01/27,2891883761,gi|2891883761|gb|PQ900934.1|[2891883761],,
Gracilaria salicornia,PQ900933,"Gracilaria salicornia voucher VNH5 cytochrome c oxidase subunit 1 (COX1) gene, partial cds; mitochondrial",857,,172968,2025/01/27,2025/01/27,2891883759,gi|2891883759|gb|PQ900933.1|[2891883759],,
Gracilaria salicornia,PQ900932,"Gracilaria salicornia voucher VNH3 cytochrome c oxidase subunit 1 (COX1) gene, partial cds; mitochondrial",857,,172968,2025/01/27,2025/01/27,2891883757,gi|2891883757|gb|PQ900932.1|[2891883757],,
Gracilaria salicornia,PQ900931,"Gracilaria salicornia voucher VNH2 cytochrome c oxidase subunit 1 (COX1) gene, partial cds; mitochondrial",857,,172968,2025/01/27,2025/01/27,2891883755,gi|2891883755|gb|PQ900931.1|[2891883755],,
Gracilaria salicornia,PQ900930,"Gracilaria salicornia voucher VNH1 cytochrome c oxidase subunit 1 (COX1) gene, partial cds; mitochondrial",857,,172968,2025/01/27,2025/01/27,2891883753,gi|2891883753|gb|PQ900930.1|[2891883753],,
Gracilaria salicornia,PQ900929,"Gracilaria salicornia voucher VNC26 cytochrome c oxidase subunit 1 (COX1) gene, partial cds; mitochondrial",857,,172968,2025/01/27,2025/01/27,2891883751,gi|2891883751|gb|PQ900929.1|[2891883751],,
Gracilaria salicornia,PQ900928,"Gracilaria salicornia voucher VNC22 cytochrome c oxidase subunit 1 (COX1) gene, partial cds; mitochondrial",857,,172968,2025/01/27,2025/01/27,2891883749,gi|2891883749|gb|PQ900928.1|[2891883749],,
Gracilaria salicornia,PQ900927,"Gracilaria salicornia voucher VNC21 cytochrome c oxidase subunit 1 (COX1) gene, partial cds; mitochondrial",857,,172968,2025/01/27,2025/01/27,2891883747,gi|2891883747|gb|PQ900927.1|[2891883747],,
Gracilaria salicornia,PQ900926,"Gracilaria salicornia voucher VNC16 cytochrome c oxidase subunit 1 (COX1) gene, partial cds; mitochondrial",857,,172968,2025/01/27,2025/01/27,2891883745,gi|2891883745|gb|PQ900926.1|[2891883745],,
Gracilaria salicornia,PQ900925,"Gracilaria salicornia voucher VNC15 cytochrome c oxidase subunit 1 (COX1) gene, partial cds; mitochondrial",857,,172968,2025/01/27,2025/01/27,2891883743,gi|2891883743|gb|PQ900925.1|[2891883743],,
Gracilaria salicornia,PQ900924,"Gracilaria salicornia voucher VNC14 cytochrome c oxidase subunit 1 (COX1) gene, partial cds; mitochondrial",857,,172968,2025/01/27,2025/01/27,2891883741,gi|2891883741|gb|PQ900924.1|[2891883741],,
Gracilaria salicornia,PQ900923,"Gracilaria salicornia voucher VNC13 cytochrome c oxidase subunit 1 (COX1) gene, partial cds; mitochondrial",857,,172968,2025/01/27,2025/01/27,2891883739,gi|2891883739|gb|PQ900923.1|[2891883739],,
Gracilaria salicornia,PQ900922,"Gracilaria salicornia voucher VNC10 cytochrome c oxidase subunit 1 (COX1) gene, partial cds; mitochondrial",857,,172968,2025/01/27,2025/01/27,2891883737,gi|2891883737|gb|PQ900922.1|[2891883737],,
Gracilaria salicornia,PQ900921,"Gracilaria salicornia voucher VNC9 cytochrome c oxidase subunit 1 (COX1) gene, partial cds; mitochondrial",857,,172968,2025/01/27,2025/01/27,2891883735,gi|2891883735|gb|PQ900921.1|[2891883735],,
Gracilaria salicornia,PQ900920,"Gracilaria salicornia voucher VNC8 cytochrome c oxidase subunit 1 (COX1) gene, partial cds; mitochondrial",857,,172968,2025/01/27,2025/01/27,2891883733,gi|2891883733|gb|PQ900920.1|[2891883733],,
Gracilaria salicornia,PQ900919,"Gracilaria salicornia voucher VNC7 cytochrome c oxidase subunit 1 (COX1) gene, partial cds; mitochondrial",857,,172968,2025/01/27,2025/01/27,2891883731,gi|2891883731|gb|PQ900919.1|[2891883731],,
Gracilaria salicornia,PQ900918,"Gracilaria salicornia voucher VNC6 cytochrome c oxidase subunit 1 (COX1) gene, partial cds; mitochondrial",857,,172968,2025/01/27,2025/01/27,2891883729,gi|2891883729|gb|PQ900918.1|[2891883729],,
Gracilaria salicornia,PQ900917,"Gracilaria salicornia voucher VNC5 cytochrome c oxidase subunit 1 (COX1) gene, partial cds; mitochondrial",857,,172968,2025/01/27,2025/01/27,2891883727,gi|2891883727|gb|PQ900917.1|[2891883727],,
Gracilaria salicornia,PQ900916,"Gracilaria salicornia voucher VNC4 cytochrome c oxidase subunit 1 (COX1) gene, partial cds; mitochondrial",857,,172968,2025/01/27,2025/01/27,2891883725,gi|2891883725|gb|PQ900916.1|[2891883725],,
Gracilaria salicornia,PQ900915,"Gracilaria salicornia voucher VNC2 cytochrome c oxidase subunit 1 (COX1) gene, partial cds; mitochondrial",857,,172968,2025/01/27,2025/01/27,2891883723,gi|2891883723|gb|PQ900915.1|[2891883723],,
Gracilaria salicornia,PQ900914,"Gracilaria salicornia voucher VNC1 cytochrome c oxidase subunit 1 (COX1) gene, partial cds; mitochondrial",857,,172968,2025/01/27,2025/01/27,2891883721,gi|2891883721|gb|PQ900914.1|[2891883721],,
Gracilaria salicornia,PQ900913,"Gracilaria salicornia voucher VLS3539 cytochrome c oxidase subunit 1 (COX1) gene, partial cds; mitochondrial",857,,172968,2025/01/27,2025/01/27,2891883719,gi|2891883719|gb|PQ900913.1|[2891883719],,
Gracilaria salicornia,PQ900912,"Gracilaria salicornia voucher VLS3538 cytochrome c oxidase subunit 1 (COX1) gene, partial cds; mitochondrial",857,,172968,2025/01/27,2025/01/27,2891883717,gi|2891883717|gb|PQ900912.1|[2891883717],,
Gracilaria salicornia,PQ900911,"Gracilaria salicornia voucher VLS3537 cytochrome c oxidase subunit 1 (COX1) gene, partial cds; mitochondrial",857,,172968,2025/01/27,2025/01/27,2891883715,gi|2891883715|gb|PQ900911.1|[2891883715],,
Gracilaria salicornia,PQ900910,"Gracilaria salicornia voucher VLS3535 cytochrome c oxidase subunit 1 (COX1) gene, partial cds; mitochondrial",857,,172968,2025/01/27,2025/01/27,2891883713,gi|2891883713|gb|PQ900910.1|[2891883713],,
Gracilaria salicornia,PQ900909,"Gracilaria salicornia voucher VLS3534 cytochrome c oxidase subunit 1 (COX1) gene, partial cds; mitochondrial",857,,172968,2025/01/27,2025/01/27,2891883711,gi|2891883711|gb|PQ900909.1|[2891883711],,
Gracilaria salicornia,PQ900908,"Gracilaria salicornia voucher VSH3450 cytochrome c oxidase subunit 1 (COX1) gene, partial cds; mitochondrial",857,,172968,2025/01/27,2025/01/27,2891883709,gi|2891883709|gb|PQ900908.1|[2891883709],,
Gracilaria salicornia,PQ900907,"Gracilaria salicornia voucher VSH3449 cytochrome c oxidase subunit 1 (COX1) gene, partial cds; mitochondrial",857,,172968,2025/01/27,2025/01/27,2891883707,gi|2891883707|gb|PQ900907.1|[2891883707],,
Gracilaria salicornia,PQ900906,"Gracilaria salicornia voucher VSH3443 cytochrome c oxidase subunit 1 (COX1) gene, partial cds; mitochondrial",857,,172968,2025/01/27,2025/01/27,2891883705,gi|2891883705|gb|PQ900906.1|[2891883705],,
Gracilaria salicornia,PQ900905,"Gracilaria salicornia voucher VSH3438 cytochrome c oxidase subunit 1 (COX1) gene, partial cds; mitochondrial",857,,172968,2025/01/27,2025/01/27,2891883703,gi|2891883703|gb|PQ900905.1|[2891883703],,
Gracilaria salicornia,PQ900904,"Gracilaria salicornia voucher VSH3433 cytochrome c oxidase subunit 1 (COX1) gene, partial cds; mitochondrial",857,,172968,2025/01/27,2025/01/27,2891883701,gi|2891883701|gb|PQ900904.1|[2891883701],,
Gracilaria salicornia,PQ900903,"Gracilaria salicornia voucher VHTKG3135 cytochrome c oxidase subunit 1 (COX1) gene, partial cds; mitochondrial",629,,172968,2025/01/27,2025/01/27,2891883699,gi|2891883699|gb|PQ900903.1|[2891883699],,
Gracilaria salicornia,PQ900902,"Gracilaria salicornia voucher VHTKG3120 cytochrome c oxidase subunit 1 (COX1) gene, partial cds; mitochondrial",629,,172968,2025/01/27,2025/01/27,2891883697,gi|2891883697|gb|PQ900902.1|[2891883697],,
Gracilaria salicornia,PQ900901,"Gracilaria salicornia voucher VHTKG3041 cytochrome c oxidase subunit 1 (COX1) gene, partial cds; mitochondrial",629,,172968,2025/01/27,2025/01/27,2891883695,gi|2891883695|gb|PQ900901.1|[2891883695],,
Gracilaria salicornia,PQ900900,"Gracilaria salicornia voucher VHTKG3040 cytochrome c oxidase subunit 1 (COX1) gene, partial cds; mitochondrial",629,,172968,2025/01/27,2025/01/27,2891883693,gi|2891883693|gb|PQ900900.1|[2891883693],,
Gracilaria salicornia,PQ900899,"Gracilaria salicornia voucher VHTKG005 cytochrome c oxidase subunit 1 (COX1) gene, partial cds; mitochondrial",629,,172968,2025/01/27,2025/01/27,2891883691,gi|2891883691|gb|PQ900899.1|[2891883691],,
Gracilaria salicornia,KU220748,"Gracilaria salicornia voucher R61E11 ribulose-1,5-bisphosphate carboxylase/oxygenase large subunit (rbcL) gene, partial cds; plastid",629,,172968,2024/12/31,2024/12/31,1130313023,gi|1130313023|gb|KU220748.1|[1130313023],,
Gracilaria salicornia,KU220747,"Gracilaria salicornia voucher R23E03 ribulose-1,5-bisphosphate carboxylase/oxygenase large subunit (rbcL) gene, partial cds; plastid",690,,172968,2024/12/31,2024/12/31,1130313021,gi|1130313021|gb|KU220747.1|[1130313021],,
Gracilaria salicornia,KU220746,"Gracilaria salicornia voucher R07G05 ribulose-1,5-bisphosphate carboxylase/oxygenase large subunit (rbcL) gene, partial cds; plastid",610,,172968,2024/12/31,2024/12/31,1130313019,gi|1130313019|gb|KU220746.1|[1130313019],,
Gracilaria salicornia,KU220745,"Gracilaria salicornia voucher R06E01 ribulose-1,5-bisphosphate carboxylase/oxygenase large subunit (rbcL) gene, partial cds; plastid",692,,172968,2024/12/31,2024/12/31,1130313017,gi|1130313017|gb|KU220745.1|[1130313017],,
Gracilaria salicornia,PQ467745,"Gracilaria salicornia isolate WS15 cytochrome c oxidase subunit I (cox1) gene, partial cds; mitochondrial",446,,172968,2024/11/06,2024/11/06,2843850894,gi|2843850894|gb|PQ467745.1|[2843850894],,
Gracilaria salicornia,PQ467744,"Gracilaria salicornia isolate WS13 cytochrome c oxidase subunit I (cox1) gene, partial cds; mitochondrial",446,,172968,2024/11/06,2024/11/06,2843850892,gi|2843850892|gb|PQ467744.1|[2843850892],,
Gracilaria salicornia,PQ467720,"Gracilaria salicornia isolate HW06 cytochrome c oxidase subunit I (cox1) gene, partial cds; mitochondrial",446,,172968,2024/11/06,2024/11/06,2843850844,gi|2843850844|gb|PQ467720.1|[2843850844],,
Gracilaria salicornia,PQ438147,"Gracilaria salicornia isolate WS15 ribulose-1,5-bisphosphate carboxylase/oxygenase large subunit (rbcL) gene, partial cds; chloroplast",1180,,172968,2024/10/14,2024/10/14,2814826149,gi|2814826149|gb|PQ438147.1|[2814826149],,
Gracilaria salicornia,PQ438146,"Gracilaria salicornia isolate WS14 ribulose-1,5-bisphosphate carboxylase/oxygenase large subunit (rbcL) gene, partial cds; chloroplast",1180,,172968,2024/10/14,2024/10/14,2814826147,gi|2814826147|gb|PQ438146.1|[2814826147],,
Gracilaria salicornia,PQ438145,"Gracilaria salicornia isolate WS13 ribulose-1,5-bisphosphate carboxylase/oxygenase large subunit (rbcL) gene, partial cds; chloroplast",1180,,172968,2024/10/14,2024/10/14,2814826145,gi|2814826145|gb|PQ438145.1|[2814826145],,
Gracilaria salicornia,PQ438135,"Gracilaria salicornia isolate SJ07 ribulose-1,5-bisphosphate carboxylase/oxygenase large subunit (rbcL) gene, partial cds; chloroplast",1180,,172968,2024/10/14,2024/10/14,2814826125,gi|2814826125|gb|PQ438135.1|[2814826125],,
Gracilaria salicornia,PQ438127,"Gracilaria salicornia isolate HW06 ribulose-1,5-bisphosphate carboxylase/oxygenase large subunit (rbcL) gene, partial cds; chloroplast",1180,,172968,2024/10/14,2024/10/14,2814826109,gi|2814826109|gb|PQ438127.1|[2814826109],,
Gracilaria salicornia,OQ831728,"Gracilaria salicornia haplotype R4 ribulose-1,5-bisphosphate carboxylase/oxygenase large subunit (rbcL) gene, partial cds; rbcL-rbcS intergenic spacer, complete sequence; and ribulose-1,5-bisphosphate carboxylase/oxygenase small subunit (rbcS) gene, partial cds; chloroplast",327,,172968,2023/10/28,2023/10/28,2595975686,gi|2595975686|gb|OQ831728.1|[2595975686],,
Gracilaria salicornia,OQ831727,"Gracilaria salicornia haplotype R3 ribulose-1,5-bisphosphate carboxylase/oxygenase large subunit (rbcL) gene, partial cds; rbcL-rbcS intergenic spacer, complete sequence; and ribulose-1,5-bisphosphate carboxylase/oxygenase small subunit (rbcS) gene, partial cds; chloroplast",327,,172968,2023/10/28,2023/10/28,2595975683,gi|2595975683|gb|OQ831727.1|[2595975683],,
Gracilaria salicornia,OQ831726,"Gracilaria salicornia haplotype R2 ribulose-1,5-bisphosphate carboxylase/oxygenase large subunit (rbcL) gene, partial cds; rbcL-rbcS intergenic spacer, complete sequence; and ribulose-1,5-bisphosphate carboxylase/oxygenase small subunit (rbcS) gene, partial cds; chloroplast",326,,172968,2023/10/28,2023/10/28,2595975680,gi|2595975680|gb|OQ831726.1|[2595975680],,
Gracilaria salicornia,OQ831725,"Gracilaria salicornia haplotype R1 ribulose-1,5-bisphosphate carboxylase/oxygenase large subunit (rbcL) gene, partial cds; rbcL-rbcS intergenic spacer, complete sequence; and ribulose-1,5-bisphosphate carboxylase/oxygenase small subunit (rbcS) gene, partial cds; chloroplast",327,,172968,2023/10/28,2023/10/28,2595975677,gi|2595975677|gb|OQ831725.1|[2595975677],,
Gracilaria salicornia,OQ831724,"Gracilaria salicornia haplotype H23 cytochrome oxidase subunit 1 (COX1) gene, partial cds; mitochondrial",657,,172968,2023/10/28,2023/10/28,2595975675,gi|2595975675|gb|OQ831724.1|[2595975675],,
Gracilaria salicornia,OQ831723,"Gracilaria salicornia haplotype H22 cytochrome oxidase subunit 1 (COX1) gene, partial cds; mitochondrial",657,,172968,2023/10/28,2023/10/28,2595975673,gi|2595975673|gb|OQ831723.1|[2595975673],,
Gracilaria salicornia,OQ831722,"Gracilaria salicornia haplotype H21 cytochrome oxidase subunit 1 (COX1) gene, partial cds; mitochondrial",656,,172968,2023/10/28,2023/10/28,2595975671,gi|2595975671|gb|OQ831722.1|[2595975671],,
Gracilaria salicornia,OQ831721,"Gracilaria salicornia haplotype H20 cytochrome oxidase subunit 1 (COX1) gene, partial cds; mitochondrial",656,,172968,2023/10/28,2023/10/28,2595975669,gi|2595975669|gb|OQ831721.1|[2595975669],,
Gracilaria salicornia,OQ831720,"Gracilaria salicornia haplotype H19 cytochrome oxidase subunit 1 (COX1) gene, partial cds; mitochondrial",657,,172968,2023/10/28,2023/10/28,2595975667,gi|2595975667|gb|OQ831720.1|[2595975667],,
Gracilaria salicornia,OQ831719,"Gracilaria salicornia haplotype H18 cytochrome oxidase subunit 1 (COX1) gene, partial cds; mitochondrial",657,,172968,2023/10/28,2023/10/28,2595975665,gi|2595975665|gb|OQ831719.1|[2595975665],,
Gracilaria salicornia,OQ831718,"Gracilaria salicornia haplotype H17 cytochrome oxidase subunit 1 (COX1) gene, partial cds; mitochondrial",655,,172968,2023/10/28,2023/10/28,2595975663,gi|2595975663|gb|OQ831718.1|[2595975663],,
Gracilaria salicornia,OQ831717,"Gracilaria salicornia haplotype H8 cytochrome oxidase subunit 1 (COX1) gene, partial cds; mitochondrial",657,,172968,2023/10/28,2023/10/28,2595975661,gi|2595975661|gb|OQ831717.1|[2595975661],,
Gracilaria salicornia,OQ831716,"Gracilaria salicornia haplotype H5 cytochrome oxidase subunit 1 (COX1) gene, partial cds; mitochondrial",657,,172968,2023/10/28,2023/10/28,2595975659,gi|2595975659|gb|OQ831716.1|[2595975659],,
Gracilaria salicornia,OP669620,"Gracilaria salicornia ZJ3-3 ribulose-1,5-bisphosphate carboxylase/oxygenase large subunit (rbcL) gene, partial cds; chloroplast",1203,,172968,2023/04/04,2023/04/04,2368056948,gi|2368056948|gb|OP669620.1|[2368056948],,
Gracilaria salicornia,OP669619,"Gracilaria salicornia YGH218 ribulose-1,5-bisphosphate carboxylase/oxygenase large subunit (rbcL) gene, partial cds; chloroplast",1335,,172968,2023/04/04,2023/04/04,2368056946,gi|2368056946|gb|OP669619.1|[2368056946],,
Gracilaria salicornia,OP669618,"Gracilaria salicornia YGH202 ribulose-1,5-bisphosphate carboxylase/oxygenase large subunit (rbcL) gene, partial cds; chloroplast",1335,,172968,2023/04/04,2023/04/04,2368056944,gi|2368056944|gb|OP669618.1|[2368056944],,
Gracilaria salicornia,OP669617,"Gracilaria salicornia YGH123 ribulose-1,5-bisphosphate carboxylase/oxygenase large subunit (rbcL) gene, partial cds; chloroplast",1335,,172968,2023/04/04,2023/04/04,2368056942,gi|2368056942|gb|OP669617.1|[2368056942],,
Gracilaria salicornia,OP669616,"Gracilaria salicornia YGH63 ribulose-1,5-bisphosphate carboxylase/oxygenase large subunit (rbcL) gene, partial cds; chloroplast",1335,,172968,2023/04/04,2023/04/04,2368056940,gi|2368056940|gb|OP669616.1|[2368056940],,
Gracilaria salicornia,OP669615,"Gracilaria salicornia YGH45 ribulose-1,5-bisphosphate carboxylase/oxygenase large subunit (rbcL) gene, partial cds; chloroplast",1251,,172968,2023/04/04,2023/04/04,2368056938,gi|2368056938|gb|OP669615.1|[2368056938],,
Gracilaria salicornia,OP669614,"Gracilaria salicornia YGH15-1 ribulose-1,5-bisphosphate carboxylase/oxygenase large subunit (rbcL) gene, partial cds; chloroplast",1251,,172968,2023/04/04,2023/04/04,2368056936,gi|2368056936|gb|OP669614.1|[2368056936],,
Gracilaria salicornia,OP669613,"Gracilaria salicornia XS126 ribulose-1,5-bisphosphate carboxylase/oxygenase large subunit (rbcL) gene, partial cds; chloroplast",1251,,172968,2023/04/04,2023/04/04,2368056934,gi|2368056934|gb|OP669613.1|[2368056934],,
Gracilaria salicornia,OP669612,"Gracilaria salicornia XS108 ribulose-1,5-bisphosphate carboxylase/oxygenase large subunit (rbcL) gene, partial cds; chloroplast",1204,,172968,2023/04/04,2023/04/04,2368056932,gi|2368056932|gb|OP669612.1|[2368056932],,
Gracilaria salicornia,OP669611,"Gracilaria salicornia WC135 ribulose-1,5-bisphosphate carboxylase/oxygenase large subunit (rbcL) gene, partial cds; chloroplast",1335,,172968,2023/04/04,2023/04/04,2368056930,gi|2368056930|gb|OP669611.1|[2368056930],,
Gracilaria salicornia,OP669610,"Gracilaria salicornia WC78 ribulose-1,5-bisphosphate carboxylase/oxygenase large subunit (rbcL) gene, partial cds; chloroplast",1335,,172968,2023/04/04,2023/04/04,2368056928,gi|2368056928|gb|OP669610.1|[2368056928],,
Gracilaria salicornia,OP669609,"Gracilaria salicornia WC71 ribulose-1,5-bisphosphate carboxylase/oxygenase large subunit (rbcL) gene, partial cds; chloroplast",1335,,172968,2023/04/04,2023/04/04,2368056926,gi|2368056926|gb|OP669609.1|[2368056926],,
Gracilaria salicornia,OP669608,"Gracilaria salicornia SY111 ribulose-1,5-bisphosphate carboxylase/oxygenase large subunit (rbcL) gene, partial cds; chloroplast",1335,,172968,2023/04/04,2023/04/04,2368056924,gi|2368056924|gb|OP669608.1|[2368056924],,
Gracilaria salicornia,OP669607,"Gracilaria salicornia SY66 ribulose-1,5-bisphosphate carboxylase/oxygenase large subunit (rbcL) gene, partial cds; chloroplast",1251,,172968,2023/04/04,2023/04/04,2368056922,gi|2368056922|gb|OP669607.1|[2368056922],,
Gracilaria salicornia,OP669606,"Gracilaria salicornia SY65 ribulose-1,5-bisphosphate carboxylase/oxygenase large subunit (rbcL) gene, partial cds; chloroplast",1251,,172968,2023/04/04,2023/04/04,2368056920,gi|2368056920|gb|OP669606.1|[2368056920],,
Gracilaria salicornia,OP669605,"Gracilaria salicornia SY6-3 ribulose-1,5-bisphosphate carboxylase/oxygenase large subunit (rbcL) gene, partial cds; chloroplast",1251,,172968,2023/04/04,2023/04/04,2368056918,gi|2368056918|gb|OP669605.1|[2368056918],,
Gracilaria salicornia,OP669604,"Gracilaria salicornia SY6-2 ribulose-1,5-bisphosphate carboxylase/oxygenase large subunit (rbcL) gene, partial cds; chloroplast",1204,,172968,2023/04/04,2023/04/04,2368056916,gi|2368056916|gb|OP669604.1|[2368056916],,
Gracilaria salicornia,OP669603,"Gracilaria salicornia SY6-1 ribulose-1,5-bisphosphate carboxylase/oxygenase large subunit (rbcL) gene, partial cds; chloroplast",1204,,172968,2023/04/04,2023/04/04,2368056914,gi|2368056914|gb|OP669603.1|[2368056914],,
Gracilaria salicornia,OP669453,"Gracilaria salicornia ZJ3-3 cytochrome c oxidase subunit I (cox1) gene, partial cds; mitochondrial",625,,172968,2023/04/04,2023/04/04,2368056484,gi|2368056484|gb|OP669453.1|[2368056484],,
Gracilaria salicornia,OP669452,"Gracilaria salicornia ZJ3-2 cytochrome c oxidase subunit I (cox1) gene, partial cds; mitochondrial",625,,172968,2023/04/04,2023/04/04,2368056482,gi|2368056482|gb|OP669452.1|[2368056482],,
Gracilaria salicornia,OP669451,"Gracilaria salicornia YGH202 cytochrome c oxidase subunit I (cox1) gene, partial cds; mitochondrial",625,,172968,2023/04/04,2023/04/04,2368056480,gi|2368056480|gb|OP669451.1|[2368056480],,
Gracilaria salicornia,OP669450,"Gracilaria salicornia YGH123 cytochrome c oxidase subunit I (cox1) gene, partial cds; mitochondrial",625,,172968,2023/04/04,2023/04/04,2368056478,gi|2368056478|gb|OP669450.1|[2368056478],,
Gracilaria salicornia,OP669449,"Gracilaria salicornia YGH63 cytochrome c oxidase subunit I (cox1) gene, partial cds; mitochondrial",625,,172968,2023/04/04,2023/04/04,2368056476,gi|2368056476|gb|OP669449.1|[2368056476],,
Gracilaria salicornia,OP669448,"Gracilaria salicornia YGH45 cytochrome c oxidase subunit I (cox1) gene, partial cds; mitochondrial",625,,172968,2023/04/04,2023/04/04,2368056474,gi|2368056474|gb|OP669448.1|[2368056474],,
Gracilaria salicornia,OP669447,"Gracilaria salicornia YGH15-1 cytochrome c oxidase subunit I (cox1) gene, partial cds; mitochondrial",625,,172968,2023/04/04,2023/04/04,2368056472,gi|2368056472|gb|OP669447.1|[2368056472],,
Gracilaria salicornia,OP669446,"Gracilaria salicornia XS138 cytochrome c oxidase subunit I (cox1) gene, partial cds; mitochondrial",625,,172968,2023/04/04,2023/04/04,2368056470,gi|2368056470|gb|OP669446.1|[2368056470],,
Gracilaria salicornia,OP669445,"Gracilaria salicornia XS126 cytochrome c oxidase subunit I (cox1) gene, partial cds; mitochondrial",625,,172968,2023/04/04,2023/04/04,2368056468,gi|2368056468|gb|OP669445.1|[2368056468],,
Gracilaria salicornia,OP669444,"Gracilaria salicornia XS108 cytochrome c oxidase subunit I (cox1) gene, partial cds; mitochondrial",625,,172968,2023/04/04,2023/04/04,2368056466,gi|2368056466|gb|OP669444.1|[2368056466],,
Gracilaria salicornia,OP669443,"Gracilaria salicornia WC71 cytochrome c oxidase subunit I (cox1) gene, partial cds; mitochondrial",625,,172968,2023/04/04,2023/04/04,2368056464,gi|2368056464|gb|OP669443.1|[2368056464],,
Gracilaria salicornia,OP669442,"Gracilaria salicornia SY111 cytochrome c oxidase subunit I (cox1) gene, partial cds; mitochondrial",625,,172968,2023/04/04,2023/04/04,2368056462,gi|2368056462|gb|OP669442.1|[2368056462],,
Gracilaria salicornia,OP669441,"Gracilaria salicornia SY66 cytochrome c oxidase subunit I (cox1) gene, partial cds; mitochondrial",613,,172968,2023/04/04,2023/04/04,2368056460,gi|2368056460|gb|OP669441.1|[2368056460],,
Gracilaria salicornia,OP669440,"Gracilaria salicornia SY65 cytochrome c oxidase subunit I (cox1) gene, partial cds; mitochondrial",613,,172968,2023/04/04,2023/04/04,2368056458,gi|2368056458|gb|OP669440.1|[2368056458],,
Gracilaria salicornia,OP669439,"Gracilaria salicornia SY6-2 cytochrome c oxidase subunit I (cox1) gene, partial cds; mitochondrial",625,,172968,2023/04/04,2023/04/04,2368056456,gi|2368056456|gb|OP669439.1|[2368056456],,
Gracilaria salicornia,OP669438,"Gracilaria salicornia SY6-1 cytochrome c oxidase subunit I (cox1) gene, partial cds; mitochondrial",625,,172968,2023/04/04,2023/04/04,2368056454,gi|2368056454|gb|OP669438.1|[2368056454],,
Gracilaria salicornia,NC_023785,"Gracilaria salicornia chloroplast, complete genome",179757,,172968,2014/03/20,2023/04/03,595789371,gi|595789371|ref|NC_023785.1||gnl|NCBI_GENOMES|35871[595789371],,
Gracilaria salicornia,NC_023784,"Gracilaria salicornia mitochondrion, complete genome",25272,,172968,2014/03/20,2023/04/03,595789345,gi|595789345|ref|NC_023784.1||gnl|NCBI_GENOMES|35870[595789345],,
Gracilaria salicornia,MH028783,"Gracilaria salicornia isolate A21H 18S ribosomal RNA gene, partial sequence; internal transcribed spacer 1, 5.8S ribosomal RNA gene, and internal transcribed spacer 2, complete sequence; and 28S ribosomal RNA gene, partial sequence",1311,,172968,2023/03/31,2023/03/31,1624762885,gi|1624762885|gb|MH028783.1|[1624762885],,
Gracilaria salicornia,MH028782,"Gracilaria salicornia isolate A20H 18S ribosomal RNA gene, partial sequence; internal transcribed spacer 1, 5.8S ribosomal RNA gene, and internal transcribed spacer 2, complete sequence; and 28S ribosomal RNA gene, partial sequence",1311,,172968,2023/03/31,2023/03/31,1624762884,gi|1624762884|gb|MH028782.1|[1624762884],,
Gracilaria salicornia,MH028781,"Gracilaria salicornia isolate 146H 18S ribosomal RNA gene, partial sequence; internal transcribed spacer 1, 5.8S ribosomal RNA gene, and internal transcribed spacer 2, complete sequence; and 28S ribosomal RNA gene, partial sequence",1308,,172968,2023/03/31,2023/03/31,1624762883,gi|1624762883|gb|MH028781.1|[1624762883],,
Gracilaria salicornia,MH028780,"Gracilaria salicornia isolate 153H 18S ribosomal RNA gene, partial sequence; internal transcribed spacer 1 and 5.8S ribosomal RNA gene, complete sequence; and internal transcribed spacer 2, partial sequence",1215,,172968,2023/03/31,2023/03/31,1624762882,gi|1624762882|gb|MH028780.1|[1624762882],,
Gracilaria salicornia,MH028779,"Gracilaria salicornia isolate 76H 18S ribosomal RNA gene, partial sequence; internal transcribed spacer 1, 5.8S ribosomal RNA gene, and internal transcribed spacer 2, complete sequence; and 28S ribosomal RNA gene, partial sequence",1294,,172968,2023/03/31,2023/03/31,1624762881,gi|1624762881|gb|MH028779.1|[1624762881],,
Gracilaria salicornia,MH028778,"Gracilaria salicornia isolate 149H 18S ribosomal RNA gene, partial sequence; internal transcribed spacer 1, 5.8S ribosomal RNA gene, and internal transcribed spacer 2, complete sequence; and 28S ribosomal RNA gene, partial sequence",1309,,172968,2023/03/31,2023/03/31,1624762880,gi|1624762880|gb|MH028778.1|[1624762880],,
Gracilaria salicornia,MH028777,"Gracilaria salicornia isolate 148H 18S ribosomal RNA gene, partial sequence; internal transcribed spacer 1, 5.8S ribosomal RNA gene, and internal transcribed spacer 2, complete sequence; and 28S ribosomal RNA gene, partial sequence",1309,,172968,2023/03/31,2023/03/31,1624762879,gi|1624762879|gb|MH028777.1|[1624762879],,
Gracilaria salicornia,MH028769,"Gracilaria salicornia isolate A21H cytochrome oxidase subunit I (cox1) gene, partial cds; mitochondrial",1323,,172968,2023/03/31,2023/03/31,1624762870,gi|1624762870|gb|MH028769.1|[1624762870],,
Gracilaria salicornia,MH028768,"Gracilaria salicornia isolate A20H cytochrome oxidase subunit I (cox1) gene, partial cds; mitochondrial",1323,,172968,2023/03/31,2023/03/31,1624762868,gi|1624762868|gb|MH028768.1|[1624762868],,
Gracilaria salicornia,MH028767,"Gracilaria salicornia isolate 146H cytochrome oxidase subunit I (cox1) gene, partial cds; mitochondrial",1323,,172968,2023/03/31,2023/03/31,1624762866,gi|1624762866|gb|MH028767.1|[1624762866],,
Gracilaria salicornia,MH028766,"Gracilaria salicornia isolate 153H cytochrome oxidase subunit I (cox1) gene, partial cds; mitochondrial",1323,,172968,2023/03/31,2023/03/31,1624762864,gi|1624762864|gb|MH028766.1|[1624762864],,
Gracilaria salicornia,MH028765,"Gracilaria salicornia isolate 76H cytochrome oxidase subunit I (cox1) gene, partial cds; mitochondrial",1323,,172968,2023/03/31,2023/03/31,1624762862,gi|1624762862|gb|MH028765.1|[1624762862],,
Gracilaria salicornia,MH028764,"Gracilaria salicornia isolate 149H cytochrome oxidase subunit I (cox1) gene, partial cds; mitochondrial",1323,,172968,2023/03/31,2023/03/31,1624762860,gi|1624762860|gb|MH028764.1|[1624762860],,
Gracilaria salicornia,MH028763,"Gracilaria salicornia isolate 148H cytochrome oxidase subunit I (cox1) gene, partial cds; mitochondrial",1323,,172968,2023/03/31,2023/03/31,1624762858,gi|1624762858|gb|MH028763.1|[1624762858],,
Gracilaria salicornia,OP297568,"Gracilaria salicornia isolate LM19041902 cytochrome oxidase subunit 1 gene, partial cds; mitochondrial",645,,172968,2022/11/26,2022/11/26,2333749258,gi|2333749258|gb|OP297568.1|[2333749258],,
Gracilaria salicornia,OM468899,"Gracilaria salicornia voucher US:BLB_1278 large subunit ribosomal RNA gene, partial sequence",597,,172968,2022/02/07,2022/02/07,2186388395,gi|2186388395|gb|OM468899.1|[2186388395],,
Gracilaria salicornia,HQ422328,"Gracilaria salicornia voucher ARS00662 28S ribosomal RNA gene, partial sequence",601,,172968,2011/03/27,2021/10/13,326535084,gi|326535084|gb|HQ422328.1|[326535084],,
Gracilaria salicornia,HQ422315,"Gracilaria salicornia voucher ARS00157 28S ribosomal RNA gene, partial sequence",607,,172968,2011/03/27,2021/10/13,326535071,gi|326535071|gb|HQ422315.1|[326535071],,
Gracilaria salicornia,HQ422218,"Gracilaria salicornia voucher ARS03952 28S ribosomal RNA gene, partial sequence",647,,172968,2011/03/27,2021/10/13,326534974,gi|326534974|gb|HQ422218.1|[326534974],,
Gracilaria salicornia,HQ422078,"Gracilaria salicornia voucher ARS03023 28S ribosomal RNA gene, partial sequence",647,,172968,2011/03/27,2021/10/13,326534834,gi|326534834|gb|HQ422078.1|[326534834],,
Gracilaria salicornia,HQ421995,"Gracilaria salicornia voucher ARS03201 28S ribosomal RNA gene, partial sequence",647,,172968,2011/03/27,2021/10/13,326534751,gi|326534751|gb|HQ421995.1|[326534751],,
Gracilaria salicornia,HQ421994,"Gracilaria salicornia voucher ARS03200 28S ribosomal RNA gene, partial sequence",647,,172968,2011/03/27,2021/10/13,326534750,gi|326534750|gb|HQ421994.1|[326534750],,
Gracilaria salicornia,HQ421769,"Gracilaria salicornia voucher ARS02207 28S ribosomal RNA gene, partial sequence",647,,172968,2011/03/27,2021/10/13,326534525,gi|326534525|gb|HQ421769.1|[326534525],,
Gracilaria salicornia,MT939895,"Gracilaria salicornia voucher CUPVOUCHER-Grsa-2020-1 ribulose-1,5-bisphosphate carboxylase/oxygenase large subunit (rbcL) gene, partial cds; chloroplast",834,,172968,2021/10/09,2021/10/09,2105622526,gi|2105622526|gb|MT939895.1|[2105622526],,
Gracilaria salicornia,MT939890,"Gracilaria salicornia voucher CUPVOUCHER-Grsa-2020-1 cytochrome c oxidase subunit I (COI) gene, partial cds; mitochondrial",678,,172968,2021/10/09,2021/10/09,2105622515,gi|2105622515|gb|MT939890.1|[2105622515],,
Gracilaria salicornia,MW511131,"Gracilaria salicornia voucher MADA18ALG469 ribulose-1,5-bisphosphate carboxylase/oxygenase large subunit (rbcL) gene, partial cds; chloroplast",542,,172968,2021/09/27,2021/09/27,2098693880,gi|2098693880|gb|MW511131.1|[2098693880],,
Gracilaria salicornia,MZ336093,"Gracilaria salicornia voucher #FG134 mitochondrion, complete genome",25340,,172968,2021/09/14,2021/09/14,2090995951,gi|2090995951|gb|MZ336093.1|[2090995951],,
Gracilaria salicornia,MZ336067,"Gracilaria salicornia voucher #FG134 chloroplast, complete genome",179752,,172968,2021/09/14,2021/09/14,2090993645,gi|2090993645|gb|MZ336067.1|[2090993645],,
Gracilaria salicornia,MW275902,"Gracilaria salicornia ribulose-1,5-bisphosphate carboxylase/oxygenase large subunit (rbcL) gene, partial cds; plastid",595,,172968,2021/05/31,2021/05/31,2045472659,gi|2045472659|gb|MW275902.1|[2045472659],,
Gracilaria salicornia,MN920330,"Gracilaria salicornia voucher TP4I017 ribulose-1,5-bisphosphate carboxylase/oxygenase large subunit (rbcL) gene, partial cds; chloroplast",669,,172968,2021/03/31,2021/03/31,2018315353,gi|2018315353|gb|MN920330.1|[2018315353],,
Gracilaria salicornia,MN920327,"Gracilaria salicornia voucher TP4I006 ribulose-1,5-bisphosphate carboxylase/oxygenase large subunit (rbcL) gene, partial cds; chloroplast",678,,172968,2021/03/31,2021/03/31,2018315347,gi|2018315347|gb|MN920327.1|[2018315347],,
Gracilaria salicornia,MT478076,"Gracilaria salicornia isolate DBIS12 ribulose-1,5-bisphosphate carboxylase/oxygenase large subunit (rbcL) gene, partial cds; chloroplast",1434,,172968,2020/10/12,2020/10/12,1913589854,gi|1913589854|gb|MT478076.1|[1913589854],,
Gracilaria salicornia,EF033615,"Gracilaria salicornia voucher GWS002001 large subunit ribosomal RNA gene, partial sequence",2782,,172968,2006/10/31,2020/04/13,116734139,gi|116734139|gb|EF033615.1|[116734139],,
Gracilaria salicornia,EF033559,"Gracilaria salicornia voucher GWS002001 elongation factor 2 (EF2) gene, partial cds",1684,,172968,2006/10/31,2020/04/13,116734064,gi|116734064|gb|EF033559.1|[116734064],,
Gracilaria salicornia,MK461154,"Gracilaria salicornia cytochrome oxidase subunit 2 (cox2) gene, partial cds; mitochondrial",508,,172968,2019/08/26,2019/08/26,1727425121,gi|1727425121|gb|MK461154.1|[1727425121],,
Gracilaria salicornia,MK461152,"Gracilaria salicornia cytochrome oxidase subunit 2 (cox2) gene, partial cds; mitochondrial",538,,172968,2019/08/26,2019/08/26,1727425117,gi|1727425117|gb|MK461152.1|[1727425117],,
Gracilaria salicornia,MK461148,"Gracilaria salicornia cytochrome oxidase subunit 2 (cox2) and cytochrome oxidase subunit 3 (cox3) genes, partial cds; mitochondrial",329,,172968,2019/08/26,2019/08/26,1727425104,gi|1727425104|gb|MK461148.1|[1727425104],,
Gracilaria salicornia,MG746409,"Gracilaria salicornia clone sali2_RH1 retrotransposon Ty1-copia-like, partial sequence",797,,172968,2019/02/28,2019/02/28,1569047572,gi|1569047572|gb|MG746409.1|[1569047572],,
Gracilaria salicornia,MG746408,"Gracilaria salicornia clone Mb21E1 retrotransposon Ty1-copia-like, partial sequence",258,,172968,2019/02/28,2019/02/28,1569047571,gi|1569047571|gb|MG746408.1|[1569047571],,
Gracilaria salicornia,MG746407,"Gracilaria salicornia clone Mb21C5 retrotransposon Ty1-copia-like, partial sequence",264,,172968,2019/02/28,2019/02/28,1569047570,gi|1569047570|gb|MG746407.1|[1569047570],,
Gracilaria salicornia,MG746406,"Gracilaria salicornia clone Mb21A1 retrotransposon Ty1-copia-like, partial sequence",258,,172968,2019/02/28,2019/02/28,1569047569,gi|1569047569|gb|MG746406.1|[1569047569],,
Gracilaria salicornia,MG746405,"Gracilaria salicornia clone Mb21A6 retrotransposon Ty1-copia-like, partial sequence",258,,172968,2019/02/28,2019/02/28,1569047568,gi|1569047568|gb|MG746405.1|[1569047568],,
Gracilaria salicornia,MG680737,"Gracilaria salicornia isolate ma2 small subunit ribosomal RNA gene, partial sequence",632,,172968,2017/12/20,2017/12/20,1314675766,gi|1314675766|gb|MG680737.1|[1314675766],,
Gracilaria salicornia,KY774626,"Gracilaria salicornia isolate BSS2 cytochrome oxidase subunit I (COI) gene, partial cds; mitochondrial",669,,172968,2017/12/06,2017/12/06,1284961207,gi|1284961207|gb|KY774626.1|[1284961207],,
Gracilaria salicornia,KY774625,"Gracilaria salicornia isolate P2CS2 cytochrome oxidase subunit I (COI) gene, partial cds; mitochondrial",669,,172968,2017/12/06,2017/12/06,1284961205,gi|1284961205|gb|KY774625.1|[1284961205],,
Gracilaria salicornia,KY774624,"Gracilaria salicornia isolate LLS3 cytochrome oxidase subunit I (COI) gene, partial cds; mitochondrial",669,,172968,2017/12/06,2017/12/06,1284961203,gi|1284961203|gb|KY774624.1|[1284961203],,
Gracilaria salicornia,KY774623,"Gracilaria salicornia isolate KVS1 cytochrome oxidase subunit I (COI) gene, partial cds; mitochondrial",669,,172968,2017/12/06,2017/12/06,1284961201,gi|1284961201|gb|KY774623.1|[1284961201],,
Gracilaria salicornia,KY774622,"Gracilaria salicornia isolate SNS1 cytochrome oxidase subunit I (COI) gene, partial cds; mitochondrial",669,,172968,2017/12/06,2017/12/06,1284961199,gi|1284961199|gb|KY774622.1|[1284961199],,
Gracilaria salicornia,KY774621,"Gracilaria salicornia isolate THS1 cytochrome oxidase subunit I (COI) gene, partial cds; mitochondrial",669,,172968,2017/12/06,2017/12/06,1284961197,gi|1284961197|gb|KY774621.1|[1284961197],,
Gracilaria salicornia,KY774620,"Gracilaria salicornia isolate DSS1 cytochrome oxidase subunit I (COI) gene, partial cds; mitochondrial",669,,172968,2017/12/06,2017/12/06,1284961195,gi|1284961195|gb|KY774620.1|[1284961195],,
Gracilaria salicornia,KY774619,"Gracilaria salicornia isolate PNS1 cytochrome oxidase subunit I (COI) gene, partial cds; mitochondrial",669,,172968,2017/12/06,2017/12/06,1284961193,gi|1284961193|gb|KY774619.1|[1284961193],,
Gracilaria salicornia,KY774618,"Gracilaria salicornia isolate BSS1 cytochrome oxidase subunit I (COI) gene, partial cds; mitochondrial",669,,172968,2017/12/06,2017/12/06,1284961191,gi|1284961191|gb|KY774618.1|[1284961191],,
Gracilaria salicornia,KY774617,"Gracilaria salicornia isolate UCS1 cytochrome oxidase subunit I (COI) gene, partial cds; mitochondrial",669,,172968,2017/12/06,2017/12/06,1284961189,gi|1284961189|gb|KY774617.1|[1284961189],,
Gracilaria salicornia,KY774616,"Gracilaria salicornia isolate UBS3 cytochrome oxidase subunit I (COI) gene, partial cds; mitochondrial",669,,172968,2017/12/06,2017/12/06,1284961187,gi|1284961187|gb|KY774616.1|[1284961187],,
Gracilaria salicornia,KY774615,"Gracilaria salicornia isolate UBS2 cytochrome oxidase subunit I (COI) gene, partial cds; mitochondrial",669,,172968,2017/12/06,2017/12/06,1284961185,gi|1284961185|gb|KY774615.1|[1284961185],,
Gracilaria salicornia,KY774614,"Gracilaria salicornia isolate UBS1 cytochrome oxidase subunit I (COI) gene, partial cds; mitochondrial",669,,172968,2017/12/06,2017/12/06,1284961183,gi|1284961183|gb|KY774614.1|[1284961183],,
Gracilaria salicornia,KY774613,"Gracilaria salicornia isolate TUS1 cytochrome oxidase subunit I (COI) gene, partial cds; mitochondrial",669,,172968,2017/12/06,2017/12/06,1284961181,gi|1284961181|gb|KY774613.1|[1284961181],,
Gracilaria salicornia,KY774612,"Gracilaria salicornia isolate SGS1 cytochrome oxidase subunit I (COI) gene, partial cds; mitochondrial",669,,172968,2017/12/06,2017/12/06,1284961179,gi|1284961179|gb|KY774612.1|[1284961179],,
Gracilaria salicornia,KY774611,"Gracilaria salicornia isolate PNS2 cytochrome oxidase subunit I (COI) gene, partial cds; mitochondrial",669,,172968,2017/12/06,2017/12/06,1284961177,gi|1284961177|gb|KY774611.1|[1284961177],,
Gracilaria salicornia,KY774610,"Gracilaria salicornia isolate P2CS1 cytochrome oxidase subunit I (COI) gene, partial cds; mitochondrial",669,,172968,2017/12/06,2017/12/06,1284961175,gi|1284961175|gb|KY774610.1|[1284961175],,
Gracilaria salicornia,KY774609,"Gracilaria salicornia isolate LTS1 cytochrome oxidase subunit I (COI) gene, partial cds; mitochondrial",669,,172968,2017/12/06,2017/12/06,1284961173,gi|1284961173|gb|KY774609.1|[1284961173],,
Gracilaria salicornia,KY774608,"Gracilaria salicornia isolate IBS3 cytochrome oxidase subunit I (COI) gene, partial cds; mitochondrial",669,,172968,2017/12/06,2017/12/06,1284961171,gi|1284961171|gb|KY774608.1|[1284961171],,
Gracilaria salicornia,KY774607,"Gracilaria salicornia isolate IBS2 cytochrome oxidase subunit I (COI) gene, partial cds; mitochondrial",669,,172968,2017/12/06,2017/12/06,1284961169,gi|1284961169|gb|KY774607.1|[1284961169],,
Gracilaria salicornia,KY774606,"Gracilaria salicornia isolate IBS1 cytochrome oxidase subunit I (COI) gene, partial cds; mitochondrial",669,,172968,2017/12/06,2017/12/06,1284961167,gi|1284961167|gb|KY774606.1|[1284961167],,
Gracilaria salicornia,KY774605,"Gracilaria salicornia isolate GFS2 cytochrome oxidase subunit I (COI) gene, partial cds; mitochondrial",669,,172968,2017/12/06,2017/12/06,1284961165,gi|1284961165|gb|KY774605.1|[1284961165],,
Gracilaria salicornia,KY774604,"Gracilaria salicornia isolate GSF1 cytochrome oxidase subunit I (COI) gene, partial cds; mitochondrial",669,,172968,2017/12/06,2017/12/06,1284961163,gi|1284961163|gb|KY774604.1|[1284961163],,
Gracilaria salicornia,KY774603,"Gracilaria salicornia isolate CLS1 cytochrome oxidase subunit I (COI) gene, partial cds; mitochondrial",669,,172968,2017/12/06,2017/12/06,1284961161,gi|1284961161|gb|KY774603.1|[1284961161],,
Gracilaria salicornia,KY774602,"Gracilaria salicornia isolate CGS2 cytochrome oxidase subunit I (COI) gene, partial cds; mitochondrial",669,,172968,2017/12/06,2017/12/06,1284961159,gi|1284961159|gb|KY774602.1|[1284961159],,
Gracilaria salicornia,KY774601,"Gracilaria salicornia isolate CGS1 cytochrome oxidase subunit I (COI) gene, partial cds; mitochondrial",669,,172968,2017/12/06,2017/12/06,1284961157,gi|1284961157|gb|KY774601.1|[1284961157],,
Gracilaria salicornia,KY774600,"Gracilaria salicornia isolate BUS1 cytochrome oxidase subunit I (COI) gene, partial cds; mitochondrial",669,,172968,2017/12/06,2017/12/06,1284961155,gi|1284961155|gb|KY774600.1|[1284961155],,
Gracilaria salicornia,KY774599,"Gracilaria salicornia isolate BRS1 cytochrome oxidase subunit I (COI) gene, partial cds; mitochondrial",669,,172968,2017/12/06,2017/12/06,1284961153,gi|1284961153|gb|KY774599.1|[1284961153],,
Gracilaria salicornia,KY774598,"Gracilaria salicornia isolate TGS1 cytochrome oxidase subunit I (COI) gene, partial cds; mitochondrial",669,,172968,2017/12/06,2017/12/06,1284961151,gi|1284961151|gb|KY774598.1|[1284961151],,
